timestamps,open,high,low,close,volume,amount
2024-01-01 00:00:00,100.06,101.09,99.17,100.4,3716006,372450432
2024-01-01 00:05:00,102.24,102.34,101.73,102.32,14019646,1433923171
2024-01-01 00:10:00,104.51,104.94,103.73,104.93,25083973,2626827629
2024-01-01 00:15:00,108.2,108.77,107.72,108.36,18947099,2051618619
2024-01-01 00:20:00,109.31,111.56,109.12,110.35,15838999,1739570935
2024-01-01 00:25:00,112.49,113.03,111.62,112.37,18020034,2026045991
2024-01-01 00:30:00,116.11,118.62,115.81,116.1,27390678,3180192459
2024-01-01 00:35:00,118.7,119.78,117.19,119.18,18435141,2192675971
2024-01-01 00:40:00,121.54,122.01,120.03,121.14,17841854,2164913118
2024-01-01 00:45:00,124.71,125.34,123.3,124.13,15320057,1906109710
2024-01-01 00:50:00,125.16,126.19,125.1,126.17,18279401,2297069418
2024-01-01 00:55:00,127.76,129.69,127.3,128.25,9736781,1246320777
2024-01-01 01:00:00,130.59,132.13,130.38,131.09,12471403,1631788314
2024-01-01 01:05:00,131.1,131.93,129.95,131.72,4072944,535209877
2024-01-01 01:10:00,133.09,133.17,132.03,132.54,10516267,1396709358
2024-01-01 01:15:00,134.48,135.24,133.56,134.61,11708543,1575374982
2024-01-01 01:20:00,136.05,136.75,133.68,136.23,7995033,1088443803
2024-01-01 01:25:00,137.94,140.11,137.73,139.34,11908923,1651036176
2024-01-01 01:30:00,141.58,142.16,140.96,141.13,15954375,2255173566
2024-01-01 01:35:00,141.48,142.47,140.39,142.37,12495436,1773406069
2024-01-01 01:40:00,147.0,149.56,146.67,146.96,21996976,3233143606
2024-01-01 01:45:00,149.87,151.58,149.18,149.66,15752329,2359167293
2024-01-01 01:50:00,153.81,156.09,149.73,152.77,14894327,2283198193
2024-01-01 01:55:00,153.09,155.06,152.75,154.1,8308282,1276104063
2024-01-01 02:00:00,154.17,157.38,153.78,156.53,18173539,2823292760
2024-01-01 02:05:00,159.99,160.4,159.69,159.84,9672213,1546743965
2024-01-01 02:10:00,163.04,164.06,160.2,161.58,9563529,1552255166
2024-01-01 02:15:00,166.37,166.72,163.36,165.35,13951729,2314042132
2024-01-01 02:20:00,168.06,170.21,165.25,167.89,12590812,2114925201
2024-01-01 02:25:00,170.46,171.98,169.66,170.88,13263124,2263666035
2024-01-01 02:30:00,174.2,175.41,171.24,173.5,12848062,2233693346
2024-01-01 02:35:00,178.78,181.69,178.18,179.66,14350699,2571941606
2024-01-01 02:40:00,183.71,185.4,182.54,183.27,15159338,2781614714
2024-01-01 02:45:00,185.88,190.1,184.09,185.41,8007618,1486541991
2024-01-01 02:50:00,191.42,192.66,188.23,190.41,12527967,2391738882
2024-01-01 02:55:00,195.03,196.52,192.27,192.37,5723645,1108666657
2024-01-01 03:00:00,196.98,197.79,195.24,196.59,20015756,3938820858
2024-01-01 03:05:00,196.95,197.8,194.28,197.45,6657191,1312799019
2024-01-01 03:10:00,199.29,199.35,197.98,199.32,10932894,2178980518
2024-01-01 03:15:00,201.87,204.79,200.55,203.67,19401056,3933966827
2024-01-01 03:20:00,208.3,209.37,206.71,209.02,21192981,4422150692
2024-01-01 03:25:00,213.11,214.85,211.03,213.55,15238964,3250895786
2024-01-01 03:30:00,217.1,220.48,213.27,217.67,12922565,2809118903
2024-01-01 03:35:00,221.71,222.24,220.91,221.54,12099003,2681390156
2024-01-01 03:40:00,222.44,225.03,222.25,223.36,10377415,2313150307
2024-01-01 03:45:00,227.84,228.6,225.82,226.57,12074135,2743338404
2024-01-01 03:50:00,230.31,231.6,230.3,230.31,17773656,4093406521
2024-01-01 03:55:00,236.95,242.3,234.05,236.96,26456391,6269047979
2024-01-01 04:00:00,242.03,242.63,239.42,242.42,10991267,2662360972
2024-01-01 04:05:00,244.05,244.82,242.19,243.87,5067304,1236219864
2024-01-01 04:10:00,250.48,251.95,246.7,249.45,18440264,4609339732
2024-01-01 04:15:00,252.61,254.08,250.55,253.71,10797610,2733532779
2024-01-01 04:20:00,256.6,258.39,255.85,257.45,6383090,1640603020
2024-01-01 04:25:00,263.54,264.36,261.74,263.94,24250421,6395914219
2024-01-01 04:30:00,269.69,273.73,268.95,271.52,13913384,3764997879
2024-01-01 04:35:00,277.94,279.54,274.6,279.08,26787313,7460542694
2024-01-01 04:40:00,282.15,286.13,281.98,282.82,14195071,4009927666
2024-01-01 04:45:00,289.09,290.13,285.47,287.83,17399169,5019023517
2024-01-01 04:50:00,294.82,297.09,288.21,294.44,11463107,3377388705
2024-01-01 04:55:00,303.04,303.62,301.3,302.75,13890132,4207266404
2024-01-01 05:00:00,309.0,310.86,307.57,307.69,13378605,4125273740
2024-01-01 05:05:00,313.24,314.15,311.43,313.45,9593592,3006121195
2024-01-01 05:10:00,317.6,320.01,316.05,316.98,8530612,2706667632
2024-01-01 05:15:00,320.15,321.13,314.03,320.31,8405095,2691571297
2024-01-01 05:20:00,329.36,331.98,328.45,328.93,12049326,3965970820
2024-01-01 05:25:00,338.25,340.96,337.52,339.24,14415103,4883101585
2024-01-01 05:30:00,341.69,346.43,339.41,345.91,18978634,6524846927
2024-01-01 05:35:00,355.51,356.6,352.39,355.75,12697288,4515580294
2024-01-01 05:40:00,366.59,370.08,361.48,364.0,8700120,3178136081
2024-01-01 05:45:00,371.17,374.3,367.99,369.46,14044901,5201006752
2024-01-01 05:50:00,379.85,381.59,376.28,378.02,24298042,9207430768
2024-01-01 05:55:00,392.86,395.08,385.74,390.45,17595832,6891507057
2024-01-01 06:00:00,398.41,403.31,397.65,398.24,9201507,3665181475
2024-01-01 06:05:00,411.82,412.3,409.92,411.41,22772778,9373612273
2024-01-01 06:10:00,409.76,412.5,404.17,411.03,7681908,3152631662
2024-01-01 06:15:00,421.45,422.5,418.85,422.12,23503857,9913501062
2024-01-01 06:20:00,432.28,433.54,426.55,430.96,17247324,7444299276
2024-01-01 06:25:00,441.27,448.35,435.49,438.63,11264622,4955840775
2024-01-01 06:30:00,447.52,449.22,442.73,447.83,16028011,7175348303
2024-01-01 06:35:00,448.67,450.79,443.88,449.69,4177983,1876667179
2024-01-01 06:40:00,457.98,460.3,452.31,457.98,16667938,7633597796
2024-01-01 06:45:00,469.99,472.62,467.38,468.58,20146881,9454706111
2024-01-01 06:50:00,480.26,490.25,475.57,483.75,30660578,14778587490
2024-01-01 06:55:00,485.86,499.02,485.34,491.5,9842289,4809707759
2024-01-01 07:00:00,496.84,503.44,496.46,498.21,6108826,3039301660
2024-01-01 07:05:00,503.17,507.17,501.83,506.26,13603017,6865610354
2024-01-01 07:10:00,518.98,523.88,517.69,520.3,22540798,11713032887
2024-01-01 07:15:00,531.83,532.56,525.25,532.22,21074546,11212242151
2024-01-01 07:20:00,539.47,545.63,538.33,540.7,8947604,4832467075
2024-01-01 07:25:00,557.93,559.66,553.73,553.91,13002941,7228595654
2024-01-01 07:30:00,566.48,571.46,562.18,565.56,15598967,8829301055
2024-01-01 07:35:00,582.36,588.98,581.05,581.49,15691107,9131063800
2024-01-01 07:40:00,591.77,592.31,589.17,589.93,16609780,9813903789
2024-01-01 07:45:00,596.88,601.36,592.72,600.3,13346401,7988970119
2024-01-01 07:50:00,613.7,619.76,610.17,610.52,17477073,10697895937
2024-01-01 07:55:00,615.4,620.71,611.76,615.63,9901324,6094380324
2024-01-01 08:00:00,631.69,634.7,623.82,629.58,20625556,13007109209
2024-01-01 08:05:00,640.21,646.7,639.76,643.66,13373490,8584887269
2024-01-01 08:10:00,651.61,657.4,650.39,656.71,20020709,13096718955
2024-01-01 08:15:00,671.48,671.87,664.9,668.74,10904697,7307340951
2024-01-01 08:20:00,675.86,683.97,671.42,674.59,9786475,6608095822
2024-01-01 08:25:00,682.84,690.2,681.58,685.93,9520651,6515783113
2024-01-01 08:30:00,694.86,705.44,688.56,697.9,13311875,9270093760
2024-01-01 08:35:00,711.44,716.49,705.48,707.46,9660673,6853789055
2024-01-01 08:40:00,716.56,721.21,711.43,720.85,11018717,7919192246
2024-01-01 08:45:00,743.87,745.32,731.54,737.81,24400212,18076769994
2024-01-01 08:50:00,760.75,765.99,746.52,764.19,14892221,11354854666
2024-01-01 08:55:00,783.23,791.74,775.37,780.74,20230332,15819893844
2024-01-01 09:00:00,796.87,799.46,793.47,798.18,23816240,18994132038
2024-01-01 09:05:00,816.31,817.82,809.12,813.85,7652383,6237291485
2024-01-01 09:10:00,815.45,825.17,808.66,817.67,8802791,7187999752
2024-01-01 09:15:00,833.36,839.23,824.93,834.04,11226396,9359457404
2024-01-01 09:20:00,851.5,862.12,848.05,851.33,8246555,7021238689
2024-01-01 09:25:00,881.4,896.69,875.25,885.84,22454559,19841311514
2024-01-01 09:30:00,905.72,917.53,900.88,902.38,20447907,18485867643
2024-01-01 09:35:00,920.49,925.61,912.9,922.86,8302305,7652028285
2024-01-01 09:40:00,940.2,943.1,934.01,941.27,16185397,15226157947
2024-01-01 09:45:00,946.65,965.77,940.31,951.38,10356424,9828429087
2024-01-01 09:50:00,967.0,983.11,962.73,979.55,26901829,26182857089
2024-01-01 09:55:00,1004.44,1013.76,1001.68,1005.4,10526296,10578088371
2024-01-01 10:00:00,1044.71,1049.79,1031.31,1032.26,21481114,22307771146
2024-01-01 10:05:00,1049.61,1050.77,1044.28,1045.51,13428638,14067329005
2024-01-01 10:10:00,1078.6,1086.97,1072.03,1078.71,24115632,26012408889
2024-01-01 10:15:00,1086.83,1090.07,1085.0,1088.26,13571343,14759444086
2024-01-01 10:20:00,1115.63,1118.38,1101.85,1115.51,22974254,25629365075
2024-01-01 10:25:00,1161.37,1171.54,1150.99,1158.2,12887307,14946470383
2024-01-01 10:30:00,1165.39,1180.57,1154.46,1172.31,10734883,12547440159
2024-01-01 10:35:00,1197.26,1214.49,1176.35,1190.62,11450251,13670922449
2024-01-01 10:40:00,1220.03,1227.21,1207.75,1215.69,12488662,15209438583
2024-01-01 10:45:00,1239.74,1256.16,1220.92,1235.3,12370033,15308135793
2024-01-01 10:50:00,1247.49,1249.91,1241.75,1244.76,7793323,9711441647
2024-01-01 10:55:00,1270.77,1270.79,1265.08,1270.64,14256267,18115525698
2024-01-01 11:00:00,1289.71,1300.75,1266.17,1285.39,15927922,20507959372
2024-01-01 11:05:00,1320.27,1333.7,1316.01,1316.37,9954410,13123111372
2024-01-01 11:10:00,1330.81,1334.35,1322.27,1333.17,16126672,21480549265
2024-01-01 11:15:00,1373.17,1381.39,1360.56,1377.12,20797125,28598989168
2024-01-01 11:20:00,1396.92,1397.54,1384.03,1396.21,13354194,18649962117
2024-01-01 11:25:00,1431.8,1435.67,1414.3,1420.79,18261348,26046090415
2024-01-01 11:30:00,1449.97,1469.41,1449.46,1459.01,15721316,22866486341
2024-01-01 11:35:00,1463.13,1474.0,1451.94,1473.95,9390969,13791008677
2024-01-01 11:40:00,1507.75,1515.22,1500.68,1506.51,14485477,21831532262
2024-01-01 11:45:00,1553.55,1573.91,1552.58,1553.15,17709161,27508548163
2024-01-01 11:50:00,1565.69,1570.47,1564.13,1564.34,12240680,19156826469
2024-01-01 11:55:00,1600.3,1604.29,1589.61,1598.35,20937595,33486003251
2024-01-01 12:00:00,1632.26,1653.94,1624.55,1634.09,9778241,15969575729
2024-01-01 12:05:00,1690.11,1725.68,1674.66,1677.61,11033781,18579358818
2024-01-01 12:10:00,1681.14,1699.97,1680.29,1694.71,9342617,15769628069
2024-01-01 12:15:00,1703.74,1712.13,1698.68,1710.83,5827850,9949817372
2024-01-01 12:20:00,1751.85,1759.97,1731.14,1752.75,19141483,33541653443
2024-01-01 12:25:00,1777.75,1795.97,1774.09,1792.48,10430786,18620121879
2024-01-01 12:30:00,1830.8,1833.3,1803.09,1832.42,16377055,29996373578
2024-01-01 12:35:00,1890.26,1907.31,1861.43,1874.68,8319668,15661529484
2024-01-01 12:40:00,1902.44,1903.75,1890.48,1902.24,10041355,19102083302
2024-01-01 12:45:00,1946.59,1958.22,1930.8,1944.34,18771141,36518601618
2024-01-01 12:50:00,1975.82,2004.1,1964.36,1988.34,15930591,31575716115
2024-01-01 12:55:00,2010.8,2020.52,2003.59,2017.02,17974705,36199470337
2024-01-01 13:00:00,2084.86,2097.58,2082.22,2088.78,30889568,64461024056
2024-01-01 13:05:00,2135.74,2147.31,2120.06,2139.14,14528627,31054107936
2024-01-01 13:10:00,2175.58,2186.89,2160.13,2161.73,5592044,12127208278
2024-01-01 13:15:00,2223.27,2224.76,2189.33,2217.09,23740762,52708685203
2024-01-01 13:20:00,2231.91,2244.61,2229.35,2244.38,15690057,35116606081
2024-01-01 13:25:00,2307.1,2315.96,2288.19,2304.26,23989240,55311507196
2024-01-01 13:30:00,2378.69,2383.8,2349.03,2372.78,12339892,29316300850
2024-01-01 13:35:00,2418.66,2454.19,2375.47,2404.95,17576484,42391072223
2024-01-01 13:40:00,2492.14,2500.77,2441.36,2472.6,14314635,35534213509
2024-01-01 13:45:00,2518.13,2547.05,2505.81,2530.98,20404824,51513092876
2024-01-01 13:50:00,2588.69,2605.41,2565.17,2599.23,25773987,66856733233
2024-01-01 13:55:00,2675.44,2697.68,2672.15,2692.37,16629373,44631724547
2024-01-01 14:00:00,2738.26,2763.1,2734.71,2741.47,19765108,54153708170
2024-01-01 14:05:00,2786.61,2802.48,2770.38,2780.13,9715195,27040976989
2024-01-01 14:10:00,2830.18,2865.11,2796.36,2816.27,16917682,47762409880
2024-01-01 14:15:00,2853.49,2858.24,2850.46,2854.57,9182503,26207119758
2024-01-01 14:20:00,2905.88,2921.81,2897.01,2910.54,21377552,62170413954
2024-01-01 14:25:00,2979.81,3002.84,2946.09,2977.55,9067782,27010005878
2024-01-01 14:30:00,3031.82,3048.8,3023.63,3044.53,19497646,59237274849
2024-01-01 14:35:00,3159.43,3171.85,3120.18,3126.76,18913877,59448136458
2024-01-01 14:40:00,3164.72,3190.6,3160.75,3190.37,14735338,46822171864
2024-01-01 14:45:00,3296.04,3304.13,3261.11,3292.99,15070987,49651592096
2024-01-01 14:50:00,3386.44,3435.57,3309.84,3352.52,16827786,56700954878
2024-01-01 14:55:00,3495.73,3505.32,3471.09,3495.61,17890149,62538058595
2024-01-01 15:00:00,3580.84,3592.22,3553.22,3584.24,18445118,66080343604
2024-01-01 15:05:00,3625.29,3646.58,3616.43,3631.78,8728655,31672228301
2024-01-01 15:10:00,3670.35,3698.54,3619.58,3673.66,15623365,57369090074
2024-01-01 15:15:00,3788.32,3806.05,3703.71,3762.5,8958493,33821971060
2024-01-01 15:20:00,3789.4,3846.45,3787.55,3831.77,9882152,37656792343
2024-01-01 15:25:00,3961.85,3973.24,3908.15,3931.71,13267092,52362274238
2024-01-01 15:30:00,3997.81,4102.15,3984.48,4026.48,15456562,62013997162
2024-01-01 15:35:00,4100.09,4129.08,4061.81,4105.57,10789730,44268412512
2024-01-01 15:40:00,4151.43,4174.23,4150.67,4160.36,11528913,47913001144
2024-01-01 15:45:00,4205.76,4207.89,4150.53,4193.42,12293593,51628077842
2024-01-01 15:50:00,4228.96,4276.52,4192.32,4263.02,16036368,68090263776
2024-01-01 15:55:00,4389.31,4398.56,4341.48,4379.19,19916971,87320908017
2024-01-01 16:00:00,4520.76,4567.2,4451.34,4475.46,9349288,42054118490
2024-01-01 16:05:00,4489.93,4608.5,4455.54,4520.74,11980205,53974869044
2024-01-01 16:10:00,4623.0,4711.28,4518.39,4618.62,10468980,48375146962
2024-01-01 16:15:00,4710.98,4745.38,4705.35,4726.62,21299624,100508716894
2024-01-01 16:20:00,4798.49,4840.61,4733.48,4788.29,8611600,41278763969
2024-01-01 16:25:00,4891.67,4952.93,4872.55,4891.2,14334934,70118344360
2024-01-01 16:30:00,4976.48,5112.62,4964.59,4992.5,12969270,64645199700
2024-01-01 16:35:00,5059.47,5082.59,5032.7,5047.16,14192557,71719478676
2024-01-01 16:40:00,5210.64,5220.8,5141.24,5164.05,10305305,53457181941
2024-01-01 16:45:00,5287.19,5338.39,5240.78,5292.24,18392852,97292884848
2024-01-01 16:50:00,5465.91,5509.01,5346.45,5446.31,12423185,67782305821
2024-01-01 16:55:00,5567.33,5647.04,5484.15,5603.56,23170516,129417668620
2024-01-01 17:00:00,5627.25,5659.29,5574.94,5654.29,13356696,75342067147
2024-01-01 17:05:00,5739.11,5767.87,5653.12,5725.59,10528723,60354343406
2024-01-01 17:10:00,5909.09,5932.45,5846.82,5865.57,16873489,99339804055
2024-01-01 17:15:00,6019.59,6157.06,6002.7,6008.91,24368731,146559623256
2024-01-01 17:20:00,6146.18,6198.01,6143.07,6155.81,17435352,107244747905
2024-01-01 17:25:00,6476.94,6535.31,6442.76,6476.96,30050270,194634177479
2024-01-01 17:30:00,6596.77,6651.89,6544.85,6638.28,18655370,123452386469
2024-01-01 17:35:00,6855.07,6884.58,6827.53,6834.41,23260093,159209290520
2024-01-01 17:40:00,7057.12,7102.17,6999.34,7026.13,11429253,80480527779
2024-01-01 17:45:00,7189.47,7312.94,7114.43,7205.76,23280952,167567274423
2024-01-01 17:50:00,7315.82,7335.72,7263.52,7333.05,12868449,94254087934
2024-01-01 17:55:00,7537.01,7570.67,7428.16,7527.0,10332362,77823389513
2024-01-01 18:00:00,7615.32,7745.34,7614.57,7631.98,15338234,116933300752
2024-01-01 18:05:00,7769.11,7801.63,7694.73,7771.68,12338177,95872501086
2024-01-01 18:10:00,7981.13,8001.85,7881.44,7898.21,7849949,62326042376
2024-01-01 18:15:00,8053.36,8179.68,7965.09,8063.32,17396922,140190283180
2024-01-01 18:20:00,8365.22,8540.59,8284.96,8380.23,33503142,280512631898
2024-01-01 18:25:00,8395.77,8479.97,8393.6,8423.04,10474255,88082266696
2024-01-01 18:30:00,8672.95,8673.33,8634.77,8640.79,25890632,224131846160
2024-01-01 18:35:00,8694.75,8784.69,8563.99,8702.64,11715533,101909848973
2024-01-01 18:40:00,8816.56,8942.47,8779.83,8845.28,6592591,58218653415
2024-01-01 18:45:00,9163.37,9201.48,9079.36,9103.23,17052469,155745292201
2024-01-01 18:50:00,9358.17,9498.08,9186.21,9292.21,20139174,187801647423
2024-01-01 18:55:00,9370.64,9430.42,9341.11,9398.86,9273858,87032834815
2024-01-01 19:00:00,9445.35,9555.43,9382.68,9534.33,13389850,127067547712
2024-01-01 19:05:00,9829.56,9830.23,9730.87,9780.29,19620625,192378777501
2024-01-01 19:10:00,9886.11,10044.73,9863.08,9920.07,10462678,103612830177
2024-01-01 19:15:00,10178.42,10288.8,10108.86,10138.35,22306597,226598990346
2024-01-01 19:20:00,10245.34,10397.84,10230.26,10347.27,15248049,156998603589
2024-01-01 19:25:00,10548.63,10591.21,10292.75,10501.77,11973254,126020891846
2024-01-01 19:30:00,10833.62,11035.92,10814.4,10899.62,35330049,383918247219
2024-01-01 19:35:00,11217.56,11323.4,11090.05,11176.72,17438286,195258910796
2024-01-01 19:40:00,11220.43,11349.25,11162.96,11219.63,4691886,52643122977
2024-01-01 19:45:00,11409.08,11495.61,11404.28,11463.76,15968518,182622609821
2024-01-01 19:50:00,11610.29,11769.23,11540.08,11633.97,16253793,188903746072
2024-01-01 19:55:00,11991.62,11999.12,11916.15,11950.61,23527974,281656063877
2024-01-01 20:00:00,12121.79,12300.41,12094.39,12115.38,15265327,184994157702
2024-01-01 20:05:00,12385.28,12473.67,12256.41,12349.2,17586106,217491575854
2024-01-01 20:10:00,12775.1,12835.39,12515.23,12650.09,12849340,163348452272
2024-01-01 20:15:00,12894.12,13068.41,12798.3,12995.77,25170926,325836277530
2024-01-01 20:20:00,13238.22,13240.89,13068.49,13132.04,14234734,187686805131
2024-01-01 20:25:00,13368.94,13533.97,13308.75,13361.96,9495099,126906263919
2024-01-01 20:30:00,13519.62,13598.5,13461.49,13580.65,8269631,112054609255
2024-01-01 20:35:00,13691.55,14025.4,13621.2,13783.23,18302485,251428387091
2024-01-01 20:40:00,14248.67,14318.41,14055.54,14262.16,30210556,430663998175
2024-01-01 20:45:00,14665.25,14672.0,14480.42,14597.98,23178742,339142371980
2024-01-01 20:50:00,14734.49,14870.74,14667.34,14743.9,13826551,203792247040
2024-01-01 20:55:00,15267.6,15293.33,15109.73,15153.11,19467191,296102850495
2024-01-01 21:00:00,15610.35,15750.8,15280.92,15724.44,26946538,422181994851
2024-01-01 21:05:00,16174.71,16316.95,16135.65,16175.69,20015097,323748157763
2024-01-01 21:10:00,16201.54,16334.13,16151.46,16303.63,4927351,80082180343
2024-01-01 21:15:00,16599.35,16736.86,16276.91,16569.23,16290879,270172677199
2024-01-01 21:20:00,17152.44,17267.17,16886.86,17076.72,20191429,345567814085
2024-01-01 21:25:00,17287.47,17521.34,17101.43,17323.92,13986001,242037435528
2024-01-01 21:30:00,17506.38,17750.35,17365.85,17737.34,16836299,296686877431
2024-01-01 21:35:00,18226.87,18356.32,18160.48,18208.75,17966890,327317365174
2024-01-01 21:40:00,18480.23,18627.72,18231.02,18439.96,7597244,140245872660
2024-01-01 21:45:00,18842.16,18885.39,18687.83,18804.15,11508293,216622375664
2024-01-01 21:50:00,18809.1,18923.38,18669.99,18693.59,5236808,98197189673
2024-01-01 21:55:00,18814.91,18960.36,18768.5,18916.21,7596080,143304270907
2024-01-01 22:00:00,19325.53,19334.78,19167.52,19260.03,20631142,398032102131
2024-01-01 22:05:00,19570.59,19647.86,19432.85,19454.59,6547829,127765095221
2024-01-01 22:10:00,19930.34,20155.96,19918.64,20109.17,16574961,331826580650
2024-01-01 22:15:00,20315.11,20639.43,20125.5,20282.69,10138262,205795578197
2024-01-01 22:20:00,20568.42,20805.37,20409.27,20620.4,14717100,303090007313
2024-01-01 22:25:00,21051.1,21216.26,20967.91,21059.68,10162533,213976069729
2024-01-01 22:30:00,21772.78,21795.8,21672.0,21735.0,26885760,584869916657
2024-01-01 22:35:00,21868.15,22013.4,21738.37,21921.55,11918002,260942890692
2024-01-01 22:40:00,22497.96,22819.58,22481.41,22574.23,14502559,326831083915
2024-01-01 22:45:00,23036.85,23235.84,22833.56,23032.92,11875442,273549408348
2024-01-01 22:50:00,23188.46,23692.31,23113.64,23315.2,15948234,370825616681
2024-01-01 22:55:00,23745.47,23894.44,23729.42,23875.09,22357592,532340617415
2024-01-01 23:00:00,24479.91,24597.11,24219.39,24397.04,18940684,462881418952
2024-01-01 23:05:00,24629.2,24963.04,24593.04,24771.49,7345353,181432760272
2024-01-01 23:10:00,25371.11,25384.94,25042.25,25286.87,14045678,355762829960
2024-01-01 23:15:00,25778.64,25853.7,25707.48,25719.16,14274558,367554150007
2024-01-01 23:20:00,26036.8,26703.23,26013.17,26263.43,10634777,278100680822
2024-01-01 23:25:00,26845.94,27263.0,26806.02,26937.19,16750628,450450600945
2024-01-01 23:30:00,27999.38,28259.07,27628.38,27833.2,23518751,656556257296
2024-01-01 23:35:00,27978.67,28335.49,27750.61,28116.61,8327904,233578049471
2024-01-01 23:40:00,29111.5,29361.12,28973.11,29179.26,30164749,879163041152
2024-01-01 23:45:00,29376.13,29423.89,29163.95,29308.42,9662420,283517362899
2024-01-01 23:50:00,29982.18,30091.95,29616.67,29865.2,11867845,355129693753
2024-01-01 23:55:00,30574.77,30658.75,30403.85,30613.28,23252425,711385277065
2024-01-02 00:00:00,31209.52,31680.96,30847.78,31303.04,9742125,304502555304
2024-01-02 00:05:00,32003.77,32158.82,31697.67,31777.77,16756256,534369846709
2024-01-02 00:10:00,32648.28,32781.12,32304.35,32366.87,9258746,300979379016
2024-01-02 00:15:00,33052.83,33166.61,32505.88,32891.84,7604104,250725056783
2024-01-02 00:20:00,33413.82,33810.53,33264.49,33399.57,14454003,482860520308
2024-01-02 00:25:00,34169.17,34365.04,34049.93,34307.82,17898326,612811783486
2024-01-02 00:30:00,34956.42,35441.0,34623.37,35102.17,23152418,811012798331
2024-01-02 00:35:00,35707.55,36143.8,35421.12,35614.5,10569800,376929928068
2024-01-02 00:40:00,36674.18,36983.74,36325.59,36597.62,14652913,536822652596
2024-01-02 00:45:00,37692.4,37730.48,37090.52,37430.09,16257831,610664395407
2024-01-02 00:50:00,38561.65,38865.41,38330.01,38436.64,17463361,672324482298
2024-01-02 00:55:00,39116.25,39662.33,38932.93,39412.45,14807223,581395933821
2024-01-02 01:00:00,40154.28,40290.36,39873.37,39944.18,13967626,559392704961
2024-01-02 01:05:00,40367.79,41013.48,39902.44,40570.25,16092124,651232505908
2024-01-02 01:10:00,41559.46,41963.89,41240.67,41639.4,24361651,1013430718074
2024-01-02 01:15:00,42743.34,42983.87,42304.81,42689.93,25713389,1098389464993
2024-01-02 01:20:00,43981.02,44441.02,42868.1,43546.5,11448544,501031327885
2024-01-02 01:25:00,45160.88,45738.17,44121.31,44469.4,18832428,843977908441
2024-01-02 01:30:00,45974.41,46206.14,45538.16,45835.37,17999052,826244529220
2024-01-02 01:35:00,46499.45,46814.61,46180.66,46542.08,14890568,692720594546
2024-01-02 01:40:00,47819.62,47894.95,47666.04,47692.16,16791846,801909526046
2024-01-02 01:45:00,48794.19,48975.54,48567.4,48578.59,21223414,1033291421772
2024-01-02 01:50:00,49396.04,49492.92,49322.89,49475.36,17384012,859390775231
2024-01-02 01:55:00,51379.25,52096.8,50428.38,50922.17,28195473,1442218480942
2024-01-02 02:00:00,52356.96,52564.17,51778.18,52296.8,24454452,1279625089268
2024-01-02 02:05:00,53837.07,54002.21,53442.27,53703.41,25632029,1378240370550
2024-01-02 02:10:00,55549.69,55731.58,54877.54,55365.34,26602017,1475281753829
2024-01-02 02:15:00,56614.26,57069.86,56171.42,56495.17,14483983,819137578391
2024-01-02 02:20:00,58196.79,58721.72,56875.89,57953.69,13340115,774730364633
2024-01-02 02:25:00,58797.8,59512.02,58548.99,58979.83,11989206,706030128347
2024-01-02 02:30:00,60161.15,60404.12,59700.41,60329.56,8486800,511290282702
2024-01-02 02:35:00,61148.08,61651.85,61096.18,61486.3,14843930,910188124264
2024-01-02 02:40:00,62917.16,62927.16,62159.74,62779.2,15482592,973052714560
2024-01-02 02:45:00,64605.89,64661.33,64351.29,64355.25,17836613,1150114935036
2024-01-02 02:50:00,65378.43,66016.67,65026.72,65229.13,17310745,1130457012340
2024-01-02 02:55:00,68238.99,68826.77,66965.33,67672.41,33008607,2243123082119
2024-01-02 03:00:00,68486.44,68906.15,68217.12,68488.36,7273960,498174628580
2024-01-02 03:05:00,69430.19,70005.8,68416.74,69198.81,8827794,611894149668
2024-01-02 03:10:00,70867.26,71595.69,70574.24,71256.21,18154942,1290121657178
2024-01-02 03:15:00,73018.39,73687.05,72656.78,73159.99,15647367,1143653345972
2024-01-02 03:20:00,75274.89,76298.29,74178.64,75014.02,22740785,1708843927104
2024-01-02 03:25:00,77244.19,77492.48,76849.25,76917.63,17951458,1383714747759
2024-01-02 03:30:00,78351.07,78894.12,77524.82,78466.41,16046876,1258215317599
2024-01-02 03:35:00,79453.18,80215.21,78589.89,79481.63,15461801,1228709180245
2024-01-02 03:40:00,80523.37,81629.07,80237.82,81139.16,20006705,1617167311153
2024-01-02 03:45:00,82186.83,82465.17,81997.1,82333.81,7781289,640091342489
2024-01-02 03:50:00,85034.6,85356.4,84580.12,84657.71,22963832,1948392869304
2024-01-02 03:55:00,86517.35,86964.18,86211.2,86269.24,13496907,1166042317512
2024-01-02 04:00:00,87654.48,88819.29,86952.32,87435.6,9309078,814963622756
2024-01-02 04:05:00,88997.98,89356.29,88659.22,88975.84,7552391,672063932381
2024-01-02 04:10:00,91079.89,92583.36,90975.37,91076.67,16455890,1498774137529
2024-01-02 04:15:00,92196.14,92736.38,92162.85,92501.54,10916908,1008163755626
2024-01-02 04:20:00,94082.21,94790.6,93060.16,93754.62,8813604,827759694065
2024-01-02 04:25:00,96040.16,96187.6,95751.28,95838.43,19104525,1832874700188
2024-01-02 04:30:00,98210.58,99741.37,97856.98,97969.57,20307400,1991954417728
2024-01-02 04:35:00,99285.66,100363.86,99154.54,99547.48,9674012,961757094408
2024-01-02 04:40:00,100090.5,101709.16,100065.07,101179.87,7215641,726147360151
2024-01-02 04:45:00,103986.43,104009.15,103356.49,103419.1,21505719,2230202469084
2024-01-02 04:50:00,104046.85,104336.08,103687.02,104296.56,4704050,490028900633
2024-01-02 04:55:00,104761.76,106547.4,103695.1,105215.65,13489944,1416291720034
2024-01-02 05:00:00,107099.6,107905.33,105730.98,106729.53,13692595,1463937829021
2024-01-02 05:05:00,108490.4,109191.12,107864.65,108703.46,11639736,1264039616575
2024-01-02 05:10:00,111768.53,113589.21,108706.72,111179.31,12137973,1353067418427
2024-01-02 05:15:00,115129.87,115173.62,113822.7,114775.79,10647441,1223953489028
2024-01-02 05:20:00,118307.51,118543.25,116627.62,117904.53,13567486,1602401757242
2024-01-02 05:25:00,119316.05,121744.37,118614.98,120136.56,9168581,1097720349832
2024-01-02 05:30:00,123291.54,123690.23,120512.54,122548.93,16616463,2042499519101
2024-01-02 05:35:00,124192.02,124903.27,123796.56,124030.01,7336385,910526171541
2024-01-02 05:40:00,126287.46,126750.86,124119.53,126521.06,15370447,1942889971587
2024-01-02 05:45:00,128875.86,129209.98,127191.83,128783.53,15111259,1946778863949
2024-01-02 05:50:00,130559.26,132352.45,128489.15,131729.17,13014119,1706726393167
2024-01-02 05:55:00,133781.09,134509.09,131907.07,133508.29,6264417,837206065729
2024-01-02 06:00:00,136073.01,137113.35,135095.07,136776.99,9183861,1252908237206
2024-01-02 06:05:00,140310.91,142198.26,139048.36,141266.34,11131009,1567119453071
2024-01-02 06:10:00,142903.48,144318.22,142317.48,143999.58,18068487,2591952105389
2024-01-02 06:15:00,148206.34,149623.76,146580.79,147386.36,13598218,2009766979473
2024-01-02 06:20:00,150725.56,151922.98,149049.19,151201.29,23044679,3478903686046
2024-01-02 06:25:00,154945.74,157546.28,151567.89,153766.56,12496226,1928869350963
2024-01-02 06:30:00,156738.55,157820.45,156429.67,157159.58,15165120,2380151445717
2024-01-02 06:35:00,158987.0,160397.5,156059.77,160355.92,15261167,2436772848713
2024-01-02 06:40:00,162814.65,164609.52,161745.44,163728.68,18689659,3051491702902
2024-01-02 06:45:00,167037.78,167336.14,165445.15,166011.98,9223755,1535984725348
2024-01-02 06:50:00,169272.47,171765.64,168921.82,169404.52,9395128,1590956819502
2024-01-02 06:55:00,173046.72,174280.43,172786.65,173522.42,17962149,3112563303839
2024-01-02 07:00:00,179244.2,180810.25,177497.75,179100.91,17218723,3085122577338
2024-01-02 07:05:00,184594.72,184794.58,182255.43,184132.74,17769521,3276055143956
2024-01-02 07:10:00,192190.53,193719.52,190860.24,191122.73,27101690,5194218500987
2024-01-02 07:15:00,195200.41,196209.22,192093.77,193796.84,11877122,2310083877746
2024-01-02 07:20:00,198744.86,202880.65,198176.19,199103.01,20731854,4124061936284
2024-01-02 07:25:00,202081.31,206753.45,201977.03,203430.1,16446215,3334563916034
2024-01-02 07:30:00,210777.86,211713.45,209249.23,211214.51,29477282,6219594164588
2024-01-02 07:35:00,214378.22,215709.93,213975.84,214099.59,14210155,3044368019059
2024-01-02 07:40:00,215923.99,217242.26,212369.34,216969.52,12056386,2609565626160
2024-01-02 07:45:00,219246.77,220611.59,216723.83,220301.08,14876723,3269515755454
2024-01-02 07:50:00,221352.14,222533.01,220061.59,220972.3,8957135,1980979858275
2024-01-02 07:55:00,224442.92,224852.98,224215.75,224497.53,12039047,2702407581957
2024-01-02 08:00:00,227690.9,228797.43,226853.22,227653.57,10935051,2489607486024
2024-01-02 08:05:00,231657.94,233292.08,229308.07,232539.84,19745328,4582868728364
2024-01-02 08:10:00,237620.85,239201.01,237574.47,237894.91,17736257,4216934851301
2024-01-02 08:15:00,245240.63,249203.03,242450.32,246379.19,12859859,3161080769050
2024-01-02 08:20:00,254410.64,254707.46,251576.12,253283.28,26197306,6650106506296
2024-01-02 08:25:00,258550.13,259760.76,255665.19,257218.7,6745764,1739627410107
2024-01-02 08:30:00,258139.2,261617.47,254129.04,260544.27,14260476,3698336552778
2024-01-02 08:35:00,265624.36,268615.1,265616.28,266864.63,21379826,5692260958401
2024-01-02 08:40:00,267388.39,270103.28,263986.91,269404.25,14147143,3797041152683
2024-01-02 08:45:00,278006.0,280101.17,276527.78,278912.5,12380764,3447538225246
2024-01-02 08:50:00,287134.21,289183.62,285060.39,287254.05,21645872,6216567354291
2024-01-02 08:55:00,289852.56,295139.64,287976.02,291968.81,12191817,3546729846575
2024-01-02 09:00:00,292468.03,295939.44,292194.67,293822.34,6781417,1987939741440
2024-01-02 09:05:00,301511.23,305369.85,298410.26,303032.38,12061497,3645850462237
2024-01-02 09:10:00,309201.31,311872.95,306706.52,308881.2,15470687,4781080529883
2024-01-02 09:15:00,318377.99,320779.3,314616.97,318267.64,19549445,6223034375768
2024-01-02 09:20:00,319435.51,321842.24,318591.91,320592.43,5222736,1671348495643
2024-01-02 09:25:00,325802.95,328596.85,323395.37,325515.16,14038721,4571836549908
2024-01-02 09:30:00,331208.21,334452.21,330239.29,332116.02,18615929,6174198389485
2024-01-02 09:35:00,338503.49,339909.18,337137.91,338963.89,19268481,6526883685061
2024-01-02 09:40:00,347463.25,347811.2,343142.61,344580.06,18574020,6427013158682
2024-01-02 09:45:00,355676.85,358086.58,349529.96,353308.87,15923099,5644624866287
2024-01-02 09:50:00,355070.36,357722.11,354836.71,357392.66,15615029,5562565373700
2024-01-02 09:55:00,365720.55,366846.8,363316.67,364209.56,19726599,7199519288117
2024-01-02 10:00:00,373446.2,375062.2,370634.77,371937.26,12344083,4600537651113
2024-01-02 10:05:00,378840.86,383699.23,378289.3,381028.46,11256895,4276884588246
2024-01-02 10:10:00,392558.64,394657.55,389583.53,390958.1,16709004,6545892129175
2024-01-02 10:15:00,398336.4,398531.03,394985.81,395296.71,9486284,3764314544241
2024-01-02 10:20:00,396140.36,401749.59,390424.05,398376.33,9552643,3794867136289
2024-01-02 10:25:00,408729.62,418819.21,407645.76,410613.31,21805749,8933193087589
2024-01-02 10:30:00,422174.71,422851.74,418812.39,420037.43,20432225,8604133918169
2024-01-02 10:35:00,426556.94,428634.81,423660.77,425978.69,12141652,5175595484237
2024-01-02 10:40:00,441238.48,442163.56,435503.87,440025.17,12835124,5655564115538
2024-01-02 10:45:00,450110.09,457130.23,444039.45,449344.88,21025525,9455756560327
2024-01-02 10:50:00,463687.14,464988.61,460963.64,462783.1,15979799,7402404063489
2024-01-02 10:55:00,469269.65,480786.43,468409.65,472402.8,22491383,10589757915583
2024-01-02 11:00:00,492539.33,497936.38,485516.61,489973.54,14371232,7059960157387
2024-01-02 11:05:00,509922.33,514352.76,503624.66,506957.67,32137023,16339747871628
2024-01-02 11:10:00,515594.99,521371.22,510222.12,516187.04,8286480,4274920587265
2024-01-02 11:15:00,530626.15,534757.62,530041.77,530741.52,13818760,7333392582355
2024-01-02 11:20:00,540117.41,548205.61,537738.35,544284.2,9618822,5215332997481
2024-01-02 11:25:00,562854.94,567955.69,559122.24,561411.4,24694239,13881450879287
2024-01-02 11:30:00,569993.05,571590.72,564664.34,568367.36,15065283,8574860905467
2024-01-02 11:35:00,582878.51,586998.14,575880.03,583059.81,16589943,9671425098914
2024-01-02 11:40:00,603289.14,603783.76,593424.01,599916.55,27499610,16543843537700
2024-01-02 11:45:00,602496.74,605835.93,600247.86,603504.82,8702479,5247601612850
2024-01-02 11:50:00,611637.88,620353.27,606848.58,609916.07,11620609,7097600372048
2024-01-02 11:55:00,609067.76,623112.63,596310.79,612188.89,9229260,5635647568754
2024-01-02 12:00:00,623158.72,624362.32,615772.64,623232.11,11106651,6921613960489
2024-01-02 12:05:00,638946.41,642376.86,632099.62,639503.92,15280134,9767446176429
2024-01-02 12:10:00,661077.38,664002.46,659619.32,660333.49,29561717,19531586997570
2024-01-02 12:15:00,672849.58,677847.68,671093.53,674095.06,21453057,14448040008586
2024-01-02 12:20:00,696296.71,703295.54,688802.68,696754.73,31790381,22142817886574
2024-01-02 12:25:00,705952.36,707491.59,701467.23,703048.6,13312261,9378494291507
2024-01-02 12:30:00,706021.82,709494.99,703167.59,707567.02,5146436,3637472261103
2024-01-02 12:35:00,715767.96,724451.29,712745.48,721564.21,19583843,14074243772522
2024-01-02 12:40:00,744890.45,752976.59,727208.51,738430.71,15060516,11169791022000
2024-01-02 12:45:00,758378.52,759732.4,752403.29,753176.13,22191943,16772167374796
2024-01-02 12:50:00,750928.68,759149.2,742618.36,755812.22,6559907,4942040092489
2024-01-02 12:55:00,773214.11,777421.82,764998.15,770556.81,15449462,11925215104811
2024-01-02 13:00:00,776031.4,790042.1,771163.22,777987.94,10090575,7840474331702
2024-01-02 13:05:00,799045.88,803912.74,792261.6,797994.57,14540952,11611244213849
2024-01-02 13:10:00,817734.74,823480.23,811529.51,816533.52,9478139,7744910868684
2024-01-02 13:15:00,825847.05,827476.82,822799.56,826816.11,15711090,12982569868760
2024-01-02 13:20:00,836794.27,843317.36,821713.27,840086.42,16884276,14156458191846
2024-01-02 13:25:00,846919.6,860029.78,844643.3,849853.9,6893996,5848774868824
2024-01-02 13:30:00,862646.44,870047.94,860763.5,866616.38,18852732,16300664243647
2024-01-02 13:35:00,887229.02,894480.96,880342.88,890934.52,21207870,18855530648249
2024-01-02 13:40:00,901520.31,910117.63,893598.4,901823.22,10067667,9077731058490
2024-01-02 13:45:00,920483.48,925981.34,915924.34,923789.54,12843152,11843139388913
2024-01-02 13:50:00,941693.7,951243.62,927182.28,938493.19,17534605,16484167261698
2024-01-02 13:55:00,958504.95,960718.93,943785.8,951429.9,14216473,13576268626043
2024-01-02 14:00:00,967038.86,978829.54,957894.68,969851.68,15285030,14802715004638
2024-01-02 14:05:00,982490.74,992969.03,973497.16,981316.08,12067362,11848983853558
2024-01-02 14:10:00,999239.12,1011641.78,991180.89,996748.82,7566886,7551706604153
2024-01-02 14:15:00,1009596.88,1014944.12,1006219.25,1007219.83,9958507,10042241630189
2024-01-02 14:20:00,1044277.0,1054206.8,1040700.79,1043880.56,15868806,16568283646752
2024-01-02 14:25:00,1069260.31,1085079.91,1054485.46,1065304.4,10737501,11459945331316
2024-01-02 14:30:00,1083400.28,1090707.65,1079339.04,1080794.22,14188570,15353412591131
2024-01-02 14:35:00,1097718.41,1114829.07,1092457.23,1104553.73,22400324,24665804699673
2024-01-02 14:40:00,1130785.49,1136032.49,1115014.15,1125892.61,13165368,14854998857819
2024-01-02 14:45:00,1151733.76,1162388.83,1139224.59,1146646.72,10002490,11494763896759
2024-01-02 14:50:00,1171124.94,1183606.49,1163163.91,1175611.58,20072470,23552399261722
2024-01-02 14:55:00,1206919.96,1210952.82,1202028.57,1206691.07,24745436,29862928665884
2024-01-02 15:00:00,1230083.63,1231140.96,1220690.69,1225895.18,16096683,19766556220461
2024-01-02 15:05:00,1243650.57,1248811.58,1237049.91,1244953.5,17401587,21652830164708
2024-01-02 15:10:00,1274153.08,1277447.38,1266972.9,1267353.87,14425200,18330873013681
2024-01-02 15:15:00,1284409.7,1297601.28,1266210.37,1269406.13,7272161,9285879945599
2024-01-02 15:20:00,1274461.03,1292744.69,1273142.03,1279489.33,5732373,7320098034068
2024-01-02 15:25:00,1310619.92,1325478.77,1285657.97,1319732.97,17376219,22852793927669
2024-01-02 15:30:00,1366346.64,1375591.92,1344304.68,1364274.18,19211206,26229259544793
2024-01-02 15:35:00,1394122.2,1399855.53,1382265.38,1389110.55,14178922,19731620073508
2024-01-02 15:40:00,1422128.22,1429024.53,1410328.18,1423771.73,24755778,35226233695670
2024-01-02 15:45:00,1466784.98,1475662.72,1445596.93,1456203.76,22348391,32662047666943
2024-01-02 15:50:00,1512527.05,1539706.04,1509574.25,1522718.65,17342988,26320114865150
2024-01-02 15:55:00,1572939.11,1586200.77,1563812.54,1567508.33,13116030,20595101469585
2024-01-02 16:00:00,1592752.19,1612858.66,1583919.2,1597591.78,12440096,19844092641771
2024-01-02 16:05:00,1631413.1,1635143.2,1591269.3,1617507.57,8852008,14379735854018
2024-01-02 16:10:00,1645396.72,1656521.62,1617617.97,1629166.02,9576896,15680073410828
2024-01-02 16:15:00,1658458.72,1672210.96,1654046.17,1664840.53,22206715,36899779701928
2024-01-02 16:20:00,1683643.77,1688741.01,1674173.07,1688282.81,17534764,29562968416375
2024-01-02 16:25:00,1710278.14,1732097.95,1668921.13,1702958.93,10760438,18363962923056
2024-01-02 16:30:00,1725109.56,1734272.53,1721962.88,1728455.25,16633858,28723053279469
2024-01-02 16:35:00,1747842.22,1756321.92,1728168.83,1748239.17,10959926,19158396694563
2024-01-02 16:40:00,1808081.88,1820827.37,1802034.46,1807852.39,15416920,27873284707260
2024-01-02 16:45:00,1839661.15,1857509.72,1820219.67,1857490.02,19001057,35124890014341
2024-01-02 16:50:00,1894825.1,1900950.66,1893187.76,1894956.21,15810205,29958609738050
2024-01-02 16:55:00,1949580.21,1971313.42,1935439.54,1956326.88,26012676,50801547817426
2024-01-02 17:00:00,1992225.49,2006565.57,1976957.17,1997149.69,11033047,22007481916362
2024-01-02 17:05:00,2038178.18,2045656.47,2012829.85,2023571.71,10047703,20405628261435
2024-01-02 17:10:00,2076700.12,2104152.44,2059653.22,2089829.55,18238920,37996500617995
2024-01-02 17:15:00,2150036.8,2178888.18,2134796.03,2141330.09,25061985,53775086313698
2024-01-02 17:20:00,2163585.52,2180563.46,2146324.16,2166607.53,10258519,22210683820459
2024-01-02 17:25:00,2203999.12,2226099.97,2183160.05,2207086.4,17891790,39461107927207
2024-01-02 17:30:00,2244865.9,2283830.98,2234840.78,2236029.43,14402119,32267193913436
2024-01-02 17:35:00,2260015.16,2281606.25,2249715.95,2256179.08,7261565,16397318996463
2024-01-02 17:40:00,2325568.49,2343406.13,2296184.45,2318952.37,20066906,46600581706449
2024-01-02 17:45:00,2413923.62,2440042.45,2379037.01,2402294.3,31587041,76065036538861
2024-01-02 17:50:00,2419621.62,2454340.82,2411132.05,2423636.48,9188726,22251685793062
2024-01-02 17:55:00,2476237.7,2492047.78,2449097.61,2483841.2,24955114,61889667152911
2024-01-02 18:00:00,2507268.6,2525263.86,2485899.13,2520946.63,8869373,22298558222008
2024-01-02 18:05:00,2551382.25,2569731.74,2546115.27,2561955.58,7503221,19183251909356
2024-01-02 18:10:00,2639799.37,2654381.04,2575038.76,2601439.91,17597882,46117355170694
2024-01-02 18:15:00,2652203.17,2657838.93,2625437.41,2635799.54,15580180,41194016984449
2024-01-02 18:20:00,2672006.89,2704336.07,2645859.27,2690180.06,22703457,60870090432598
2024-01-02 18:25:00,2708404.37,2727948.93,2677536.63,2726432.33,13790523,37474620253576
2024-01-02 18:30:00,2794344.05,2820878.99,2753033.38,2787627.73,23128551,64551459527195
2024-01-02 18:35:00,2850672.78,2874796.64,2822827.73,2842893.7,19659734,55967001323956
2024-01-02 18:40:00,2902826.47,2916507.2,2877244.05,2894881.7,18903847,54799494165366
2024-01-02 18:45:00,2928357.06,2954040.89,2921188.12,2932094.83,12173716,35671738493401
2024-01-02 18:50:00,2975788.0,2981894.02,2972325.92,2977655.8,11214509,33382474529893
2024-01-02 18:55:00,3061334.46,3083689.82,3039117.8,3056323.93,25876930,79153109053816
2024-01-02 19:00:00,3132035.03,3142494.29,3088304.81,3130690.51,15864972,49678982729497
2024-01-02 19:05:00,3133993.32,3177882.8,3130374.77,3169159.9,11537619,36361690175257
2024-01-02 19:10:00,3232141.52,3244877.0,3162240.69,3235859.52,14583428,47162813720640
2024-01-02 19:15:00,3307104.23,3345098.17,3298125.95,3321242.87,19190414,63600362543184
2024-01-02 19:20:00,3346425.94,3359482.5,3334184.34,3343496.84,8093113,27071150516066
2024-01-02 19:25:00,3477151.71,3507036.66,3423960.41,3426014.01,9419636,32512654139216
2024-01-02 19:30:00,3483249.46,3497082.14,3466607.94,3476861.04,17090683,59476521114888
2024-01-02 19:35:00,3557859.81,3622601.1,3534888.95,3563446.04,16337152,58170928098499
2024-01-02 19:40:00,3630076.78,3664348.43,3581055.25,3613422.49,13027749,47183245222845
2024-01-02 19:45:00,3642463.53,3675807.89,3625465.6,3633693.83,4983853,18131649330016
2024-01-02 19:50:00,3666952.86,3707666.85,3649333.63,3659266.67,4282081,15685732718342
2024-01-02 19:55:00,3746081.99,3768973.86,3733514.74,3734749.81,11335142,42398145389157
2024-01-02 20:00:00,3857511.21,3859150.09,3817650.54,3818249.23,19340332,74225877654300
2024-01-02 20:05:00,3845564.35,3884479.61,3820877.98,3867432.53,6830474,26341712327284
2024-01-02 20:10:00,3975292.56,3980635.85,3947532.89,3965900.68,24755651,98294704189052
2024-01-02 20:15:00,3974232.1,4022917.8,3959605.58,3992726.03,5985178,23841831290093
2024-01-02 20:20:00,4082676.09,4099033.96,4021193.99,4071367.61,10394429,42378314146980
2024-01-02 20:25:00,4094809.55,4142615.84,4053686.21,4113705.58,6932728,28453701371622
2024-01-02 20:30:00,4166406.48,4199918.1,4143552.08,4175119.27,6378179,26601872180917
2024-01-02 20:35:00,4254932.78,4282955.2,4227010.26,4261219.99,19339441,82348817040674
2024-01-02 20:40:00,4338691.5,4346212.47,4284778.56,4317625.44,15916081,68887320777395
2024-01-02 20:45:00,4411630.24,4422336.38,4367014.16,4391463.44,15017211,66098957607763
2024-01-02 20:50:00,4488408.55,4524448.36,4469858.34,4516540.21,13104611,59003175291887
2024-01-02 20:55:00,4587976.82,4616100.86,4549170.0,4586716.99,9980197,45782625826460
2024-01-02 21:00:00,4694207.18,4750123.21,4683690.45,4710921.05,17917490,84258145464317
2024-01-02 21:05:00,4733035.58,4837126.74,4631765.01,4763006.92,15267530,72490556909594
2024-01-02 21:10:00,4874732.95,4951123.81,4806448.64,4880028.19,12806546,62462398640942
2024-01-02 21:15:00,5028759.49,5060609.26,5021618.97,5036527.9,25597258,128821878988909
2024-01-02 21:20:00,5098965.77,5114067.35,5034516.11,5037838.74,4819478,24427053157207
2024-01-02 21:25:00,5118174.61,5142099.59,5092029.49,5107118.73,9437826,48252269668278
2024-01-02 21:30:00,5198517.25,5238781.03,5132831.44,5234573.45,16561227,86392391752350
2024-01-02 21:35:00,5316772.9,5334277.28,5281984.54,5331829.3,8113713,43199851060773
2024-01-02 21:40:00,5483759.27,5501770.13,5438821.28,5455896.46,21430001,117218416589373
2024-01-02 21:45:00,5597312.22,5607659.16,5513685.82,5539467.91,9366164,52154454534688
2024-01-02 21:50:00,5610630.11,5718510.42,5609901.93,5655477.58,18826072,106048277219822
2024-01-02 21:55:00,5708569.41,5801432.55,5655738.49,5762736.96,8180798,46922220130099
2024-01-02 22:00:00,5990048.54,6031874.62,5915665.1,5934532.02,28647722,170806034395252
2024-01-02 22:05:00,6078774.46,6125758.85,6030677.35,6066955.6,11112064,67482064840427
2024-01-02 22:10:00,6179517.69,6210404.6,6165650.75,6206462.83,22631484,140156559972242
2024-01-02 22:15:00,6328094.05,6343305.06,6240392.82,6311223.23,17506591,110635679063171
2024-01-02 22:20:00,6329338.35,6465463.33,6323862.76,6413865.0,19179453,122203834794677
2024-01-02 22:25:00,6521157.26,6539946.76,6463030.71,6521047.2,12992706,84726764049115
2024-01-02 22:30:00,6684970.16,6713723.32,6637441.54,6674030.71,20368048,136048385500661
2024-01-02 22:35:00,6817550.21,6853296.2,6710074.45,6786188.85,11608973,78962719736873
2024-01-02 22:40:00,6904398.76,6998992.25,6887668.84,6939578.82,11070199,76627793375889
2024-01-02 22:45:00,7201620.16,7300659.18,7121016.47,7198536.05,21990925,158336377584711
2024-01-02 22:50:00,7361341.64,7448592.88,7349957.81,7395561.81,12317151,90881504060914
2024-01-02 22:55:00,7535169.83,7548389.67,7436964.28,7525560.3,20322685,153037237114784
2024-01-02 23:00:00,7717277.02,7801088.38,7715927.62,7751980.56,11818529,91411934648932
2024-01-02 23:05:00,7866982.44,7919055.05,7822472.23,7883067.88,14578437,114805558164665
2024-01-02 23:10:00,7873116.89,7966475.27,7780207.04,7912513.91,7732269,61029371841488
2024-01-02 23:15:00,8033856.2,8112856.87,7995393.99,8007785.4,11402628,91458435839327
2024-01-02 23:20:00,8083010.32,8176910.18,8034402.69,8048464.25,8755358,70618417478713
2024-01-02 23:25:00,8178663.79,8189196.34,8094334.35,8188269.48,8386615,68631584037073
2024-01-02 23:30:00,8356790.87,8396663.55,8346303.3,8355193.44,15920617,133032550755655
2024-01-02 23:35:00,8576782.88,8660035.28,8486150.83,8639357.37,17100180,147199548600810
2024-01-02 23:40:00,8824019.6,8894450.25,8672740.11,8837261.2,23510015,207608488266870
2024-01-02 23:45:00,8998037.88,9042379.33,8964222.21,9000297.16,17846062,160599701500419
2024-01-02 23:50:00,9364679.19,9420819.15,9231812.25,9243552.01,26997547,251188298242839
2024-01-02 23:55:00,9213733.9,9281667.88,9128524.8,9265247.15,3317878,30655502341700
2024-01-03 00:00:00,9539900.53,9629725.34,9424465.32,9470567.58,12530060,119101153042149
2024-01-03 00:05:00,9770435.73,9912735.79,9643590.77,9721978.54,12587256,122678004226666
2024-01-03 00:10:00,9815826.66,9860303.71,9782175.36,9802072.57,4652707,45638168528389
2024-01-03 00:15:00,10181088.59,10248822.7,9947574.79,10092345.56,14543430,147422635185839
2024-01-03 00:20:00,10343697.84,10361031.4,10300708.98,10324488.85,19297364,199420760882183
2024-01-03 00:25:00,10518899.82,10601749.54,10477891.69,10498471.94,9764089,102607744223532
2024-01-03 00:30:00,10762412.31,10765784.44,10739169.65,10765271.61,17705812,190582562139481
2024-01-03 00:35:00,11252873.28,11323451.56,11046347.39,11184448.57,33445675,375215687295041
2024-01-03 00:40:00,11490033.24,11507338.27,11281646.09,11427384.36,18794715,215363166148767
2024-01-03 00:45:00,11645251.21,11793298.0,11635605.39,11681796.38,14322632,167052359153417
2024-01-03 00:50:00,11796137.88,11971504.24,11661081.34,11874464.66,11498487,136088057792563
2024-01-03 00:55:00,12020451.4,12121119.34,11995445.38,12032663.39,11103085,133531889037969
2024-01-03 01:00:00,12308533.0,12403410.64,12221879.75,12357967.25,12415611,153124835945334
2024-01-03 01:05:00,12518005.17,12630156.59,12491048.31,12521982.44,13145744,164584633483181
2024-01-03 01:10:00,12861775.11,12924909.72,12760619.48,12782686.19,13224095,169562396234459
2024-01-03 01:15:00,12961904.3,13012005.61,12839776.05,12991609.73,17724187,230002467987131
2024-01-03 01:20:00,13302537.83,13363481.96,13146122.94,13305386.74,21276720,283064680379422
2024-01-03 01:25:00,13614858.44,13851383.53,13543152.41,13610909.73,18158381,247187935651471
2024-01-03 01:30:00,14061471.61,14062384.28,13795932.31,14002072.65,16564038,232422806793033
2024-01-03 01:35:00,14067407.45,14245236.04,13917936.63,14227242.65,9212521,130332529130805
2024-01-03 01:40:00,14439895.56,14515991.52,14381639.48,14483832.29,17785977,257218379134481
2024-01-03 01:45:00,14677154.26,14828772.06,14590371.72,14661665.4,10950758,160641157066127
2024-01-03 01:50:00,14994714.9,15045310.67,14694768.62,14905277.35,9595343,143450340665634
2024-01-03 01:55:00,15215346.95,15412734.95,15003434.72,15252861.55,11488383,175015224234509
2024-01-03 02:00:00,93.4,94.45,92.44,94.29,3993717627,374785441799
2024-01-03 02:05:00,92.95,93.64,92.62,92.66,17493287,1623443621
2024-01-03 02:10:00,92.08,93.59,91.41,92.38,4760230,439038034
2024-01-03 02:15:00,91.9,93.42,91.59,92.45,5558450,512370928
2024-01-03 02:20:00,91.55,92.64,91.51,91.84,7949796,728933938
2024-01-03 02:25:00,92.21,92.48,90.96,92.3,8095825,746864422
2024-01-03 02:30:00,90.54,91.06,89.95,90.81,18045554,1636272258
2024-01-03 02:35:00,88.03,89.36,87.9,89.02,20498383,1814622048
2024-01-03 02:40:00,87.27,87.75,86.34,86.88,16285492,1418115282
2024-01-03 02:45:00,87.61,88.2,86.91,87.05,3079741,268956183
2024-01-03 02:50:00,86.92,86.97,86.17,86.64,6847239,594197689
2024-01-03 02:55:00,85.25,87.12,84.59,85.74,11317118,967529483
2024-01-03 03:00:00,84.99,86.05,84.15,85.07,9401913,799438891
2024-01-03 03:05:00,83.47,83.81,82.0,83.47,16706236,1394436855
2024-01-03 03:10:00,84.52,84.56,83.75,84.27,6393368,539577570
2024-01-03 03:15:00,83.8,84.0,83.52,83.52,10882294,910371796
2024-01-03 03:20:00,82.45,83.52,81.73,82.76,6533500,539698522
2024-01-03 03:25:00,82.44,84.31,80.85,82.41,8885323,732380542
2024-01-03 03:30:00,82.09,82.1,80.96,81.9,6783444,556214120
2024-01-03 03:35:00,81.82,81.89,81.08,81.23,11025548,898878877
2024-01-03 03:40:00,80.2,80.49,78.39,79.91,7215524,577641979
2024-01-03 03:45:00,79.73,80.83,79.29,79.42,7374069,586783037
2024-01-03 03:50:00,79.85,80.42,79.59,79.82,9061559,723430882
2024-01-03 03:55:00,80.44,80.94,79.85,79.88,3905717,313081103
2024-01-03 04:00:00,80.26,80.49,79.68,80.1,8243723,660968176
2024-01-03 04:05:00,78.63,79.77,77.35,78.97,13629525,1074065955
2024-01-03 04:10:00,78.12,78.53,77.34,77.57,15189721,1182411209
2024-01-03 04:15:00,76.99,77.44,75.83,76.72,8972074,689541517
2024-01-03 04:20:00,75.82,76.66,75.46,75.99,9613727,729733690
2024-01-03 04:25:00,75.71,76.15,75.45,75.89,6179811,468446071
2024-01-03 04:30:00,74.24,75.15,73.2,74.13,16316169,1210361169
2024-01-03 04:35:00,74.46,74.78,74.02,74.29,7321519,544556203
2024-01-03 04:40:00,73.53,73.76,73.23,73.46,9934889,730158110
2024-01-03 04:45:00,72.59,73.08,72.04,72.48,8227742,596794676
2024-01-03 04:50:00,71.78,72.17,70.74,71.18,10035599,717339748
2024-01-03 04:55:00,69.91,71.54,69.32,69.54,8410390,586432510
2024-01-03 05:00:00,69.37,69.66,69.09,69.3,5378963,372954048
2024-01-03 05:05:00,68.98,69.65,67.93,68.65,12133329,834939800
2024-01-03 05:10:00,66.92,68.36,66.71,67.27,19630106,1317111507
2024-01-03 05:15:00,66.04,67.54,65.89,65.91,10669542,703963665
2024-01-03 05:20:00,65.67,66.1,64.51,65.08,16562317,1082771708
2024-01-03 05:25:00,65.23,65.37,64.29,65.3,6683760,436202779
2024-01-03 05:30:00,64.24,64.63,63.8,64.51,15652957,1007691018
2024-01-03 05:35:00,62.9,63.81,62.56,63.11,19333488,1218095304
2024-01-03 05:40:00,62.02,62.67,61.53,62.36,13436156,835537613
2024-01-03 05:45:00,61.36,62.4,60.48,61.6,6493540,399214715
2024-01-03 05:50:00,59.57,60.35,59.31,59.68,14972859,892812038
2024-01-03 05:55:00,58.65,59.08,58.21,59.06,5202899,306221416
2024-01-03 06:00:00,58.37,59.13,57.85,58.37,13294811,776006768
2024-01-03 06:05:00,58.37,58.48,58.01,58.11,6099818,355247039
2024-01-03 06:10:00,58.12,58.5,58.0,58.39,9505116,553706359
2024-01-03 06:15:00,58.77,59.07,58.17,58.33,4615900,270256093
2024-01-03 06:20:00,57.77,57.79,57.28,57.62,14623366,843703514
2024-01-03 06:25:00,56.84,57.12,56.39,56.54,9103782,516098938
2024-01-03 06:30:00,56.96,57.47,56.71,57.15,6925704,395123893
2024-01-03 06:35:00,56.84,57.82,55.78,56.6,8216602,466078200
2024-01-03 06:40:00,55.74,56.19,55.17,56.05,9041838,505367709
2024-01-03 06:45:00,55.72,56.14,54.79,55.48,8576012,476820376
2024-01-03 06:50:00,55.06,55.17,54.96,55.01,11645781,640910075
2024-01-03 06:55:00,54.55,54.9,54.27,54.4,6319201,344233103
2024-01-03 07:00:00,53.3,54.25,52.94,53.61,10472518,559783048
2024-01-03 07:05:00,52.61,52.96,52.34,52.84,16308688,859889884
2024-01-03 07:10:00,52.46,52.7,51.94,52.3,5746959,301036232
2024-01-03 07:15:00,51.31,51.75,50.2,51.56,17570695,903758798
2024-01-03 07:20:00,50.87,51.16,50.46,50.75,19113633,971210733
2024-01-03 07:25:00,49.95,50.35,49.58,50.29,5640028,282671191
2024-01-03 07:30:00,49.9,50.15,49.19,49.69,8726356,434514177
2024-01-03 07:35:00,49.48,50.45,49.4,49.79,5241055,260138585
2024-01-03 07:40:00,48.39,48.72,48.11,48.26,26309267,1271375087
2024-01-03 07:45:00,48.35,48.36,47.92,48.2,6183569,298487225
2024-01-03 07:50:00,48.03,48.44,47.93,48.19,5749300,276595269
2024-01-03 07:55:00,47.06,47.68,46.68,46.93,23014829,1081613941
2024-01-03 08:00:00,46.39,46.57,46.2,46.33,7032043,326029155
2024-01-03 08:05:00,45.61,46.12,45.57,45.74,15324057,699906220
2024-01-03 08:10:00,44.55,45.07,44.21,44.77,18853957,842009987
2024-01-03 08:15:00,43.62,44.39,43.35,44.05,14134307,619579317
2024-01-03 08:20:00,43.3,43.54,43.22,43.23,20082579,868857882
2024-01-03 08:25:00,43.06,43.78,42.75,43.4,8403026,363262885
2024-01-03 08:30:00,43.31,43.61,43.06,43.29,4396594,190374234
2024-01-03 08:35:00,43.24,43.38,43.05,43.3,4721129,204275215
2024-01-03 08:40:00,43.26,43.34,43.0,43.11,7079234,305728624
2024-01-03 08:45:00,42.24,42.5,42.15,42.3,8064288,340861641
2024-01-03 08:50:00,41.63,42.19,41.4,41.7,17610464,733804820
2024-01-03 08:55:00,41.6,41.83,41.43,41.45,5060580,210141513
2024-01-03 09:00:00,40.71,41.04,40.63,40.64,17838411,725506261
2024-01-03 09:05:00,40.53,40.74,40.42,40.46,7200945,291595623
2024-01-03 09:10:00,40.08,40.33,39.82,39.98,5766001,230806016
2024-01-03 09:15:00,39.16,39.76,38.87,39.46,16395467,644561129
2024-01-03 09:20:00,39.44,39.9,38.74,39.29,9685244,381295913
2024-01-03 09:25:00,39.16,39.31,38.82,39.04,8430968,329659756
2024-01-03 09:30:00,38.34,38.57,38.2,38.54,8348002,320920153
2024-01-03 09:35:00,38.47,38.59,38.25,38.51,3338753,128503996
2024-01-03 09:40:00,37.79,38.09,37.72,37.8,12374659,467715537
2024-01-03 09:45:00,37.58,37.77,37.44,37.61,5699407,214271613
2024-01-03 09:50:00,37.47,37.53,37.25,37.41,7687035,287814494
2024-01-03 09:55:00,37.21,37.27,36.63,36.95,16492020,611492262
2024-01-03 10:00:00,36.87,37.02,36.38,36.67,9356196,344049512
2024-01-03 10:05:00,35.71,36.31,35.39,35.95,20866759,747617800
2024-01-03 10:10:00,35.96,36.0,35.53,35.85,7264622,260855383
2024-01-03 10:15:00,35.68,35.81,35.21,35.44,10481906,372734876
2024-01-03 10:20:00,35.01,35.29,34.61,34.94,16389721,573250312
2024-01-03 10:25:00,35.08,35.48,34.84,34.89,5645892,197498079
2024-01-03 10:30:00,34.69,34.87,33.73,34.34,17553644,605894032
2024-01-03 10:35:00,33.79,33.95,33.24,33.62,12381996,417356419
2024-01-03 10:40:00,32.91,33.07,32.81,32.87,10208694,335806181
2024-01-03 10:45:00,32.88,32.91,32.4,32.7,10279121,337048492
2024-01-03 10:50:00,32.07,32.43,31.94,32.05,16452661,527470005
2024-01-03 10:55:00,32.18,32.31,32.17,32.18,9738689,313384397
2024-01-03 11:00:00,31.28,31.57,30.91,31.33,26364092,825274585
2024-01-03 11:05:00,31.69,31.7,31.37,31.44,3752204,118438213
2024-01-03 11:10:00,31.05,31.33,30.79,31.18,9173160,285445812
2024-01-03 11:15:00,31.08,31.23,30.49,30.85,9095431,281638392
2024-01-03 11:20:00,30.48,30.58,30.06,30.41,13721988,417757238
2024-01-03 11:25:00,29.99,30.29,29.92,30.2,10881434,327465313
2024-01-03 11:30:00,29.94,29.96,29.42,29.89,7929927,237240230
2024-01-03 11:35:00,29.54,29.86,29.43,29.85,5912934,175598248
2024-01-03 11:40:00,29.68,30.24,29.34,29.58,11545094,342078659
2024-01-03 11:45:00,29.45,29.73,29.3,29.32,5968182,175397756
2024-01-03 11:50:00,28.86,29.11,28.46,28.95,15062880,435384328
2024-01-03 11:55:00,28.66,28.69,28.45,28.65,11322281,324435522
2024-01-03 12:00:00,28.71,28.94,28.3,28.43,12722793,363478362
2024-01-03 12:05:00,27.69,27.88,27.45,27.76,14145240,392236951
2024-01-03 12:10:00,27.05,27.2,26.98,27.19,9366109,254016166
2024-01-03 12:15:00,27.28,27.35,26.54,27.08,7081028,192480869
2024-01-03 12:20:00,27.11,27.13,26.74,26.85,5462618,147385738
2024-01-03 12:25:00,26.54,27.22,26.29,26.54,15789005,419081361
2024-01-03 12:30:00,26.41,26.46,26.11,26.28,5351625,141005447
2024-01-03 12:35:00,26.27,26.37,26.05,26.09,10802722,282812174
2024-01-03 12:40:00,25.63,26.05,25.41,25.72,12472816,320215950
2024-01-03 12:45:00,25.25,25.31,24.88,25.31,11397663,288084314
2024-01-03 12:50:00,25.25,25.49,24.76,25.09,5219874,131387983
2024-01-03 12:55:00,24.86,24.87,24.48,24.65,15622626,386715464
2024-01-03 13:00:00,24.55,24.76,24.46,24.48,9089085,222849139
2024-01-03 13:05:00,23.81,24.0,23.68,23.91,13133427,313354744
2024-01-03 13:10:00,24.11,24.16,23.75,23.87,8308638,199306694
2024-01-03 13:15:00,23.66,23.9,23.56,23.72,6527730,154638293
2024-01-03 13:20:00,23.49,23.68,23.34,23.53,8532549,200625371
2024-01-03 13:25:00,23.52,23.53,23.42,23.48,6343553,149086806
2024-01-03 13:30:00,23.74,24.0,23.01,23.56,3993673,94455664
2024-01-03 13:35:00,23.62,23.75,23.32,23.52,8522603,200837087
2024-01-03 13:40:00,22.99,23.08,22.63,22.94,15192305,348877753
2024-01-03 13:45:00,22.53,22.62,22.41,22.48,8785246,197724346
2024-01-03 13:50:00,22.15,22.15,21.87,22.15,11097902,245793614
2024-01-03 13:55:00,21.99,22.06,21.67,21.93,10896387,239282540
2024-01-03 14:00:00,21.53,22.08,21.35,21.8,8046082,174301272
2024-01-03 14:05:00,21.43,21.51,21.27,21.46,15423116,330711684
2024-01-03 14:10:00,21.3,21.33,21.11,21.28,5144492,109522336
2024-01-03 14:15:00,20.82,21.12,20.73,20.94,10222469,213416458
2024-01-03 14:20:00,20.67,20.81,20.54,20.63,16430249,339243994
2024-01-03 14:25:00,20.17,20.21,20.14,20.19,9066632,182993335
2024-01-03 14:30:00,20.02,20.2,19.7,19.85,18571892,370178737
2024-01-03 14:35:00,19.59,19.63,19.32,19.44,9124128,178034013
2024-01-03 14:40:00,19.05,19.13,19.01,19.09,18564713,354036921
2024-01-03 14:45:00,19.05,19.12,18.99,19.06,4987218,95032342
2024-01-03 14:50:00,18.72,18.81,18.43,18.73,15355094,287541361
2024-01-03 14:55:00,18.89,18.98,18.53,18.94,6869143,129937849
2024-01-03 15:00:00,18.84,19.07,18.77,18.82,4549208,85671235
2024-01-03 15:05:00,18.59,18.85,18.52,18.66,6636033,123612957
2024-01-03 15:10:00,18.25,18.45,17.95,18.35,8439471,154430485
2024-01-03 15:15:00,18.33,18.43,18.25,18.27,5855096,107137035
2024-01-03 15:20:00,18.06,18.24,17.89,18.0,12487969,225192873
2024-01-03 15:25:00,17.77,17.94,17.74,17.84,10365325,184570523
2024-01-03 15:30:00,18.11,18.21,17.99,18.03,13197918,238492366
2024-01-03 15:35:00,17.78,17.89,17.54,17.84,12016323,213992921
2024-01-03 15:40:00,17.84,17.99,17.52,17.82,5999772,106995719
2024-01-03 15:45:00,17.62,17.65,17.49,17.55,11690005,205526607
2024-01-03 15:50:00,17.36,17.53,17.07,17.37,9882501,171601944
2024-01-03 15:55:00,17.48,17.51,17.4,17.44,6470102,112953217
2024-01-03 16:00:00,17.13,17.32,16.91,17.18,16798839,288193198
2024-01-03 16:05:00,17.24,17.36,17.15,17.25,5286259,91169064
2024-01-03 16:10:00,17.16,17.18,17.16,17.18,3629730,62326389
2024-01-03 16:15:00,16.87,17.06,16.86,16.93,14113126,238522131
2024-01-03 16:20:00,16.83,16.94,16.54,16.85,5253515,88475255
2024-01-03 16:25:00,16.68,16.81,16.52,16.81,8504904,142422100
2024-01-03 16:30:00,16.69,17.04,16.54,16.73,10221533,170759653
2024-01-03 16:35:00,16.33,16.46,16.22,16.35,9394454,153517977
2024-01-03 16:40:00,16.08,16.1,15.96,16.1,7832655,125994428
2024-01-03 16:45:00,15.88,16.06,15.84,15.9,10945316,173970830
2024-01-03 16:50:00,15.73,15.87,15.63,15.74,11431738,179865060
2024-01-03 16:55:00,15.69,16.09,15.64,15.66,5831695,91416141
2024-01-03 17:00:00,15.59,15.63,15.37,15.52,11313229,175998955
2024-01-03 17:05:00,15.16,15.24,15.15,15.2,16806659,255129534
2024-01-03 17:10:00,15.01,15.3,15.0,15.1,7000740,105388146
2024-01-03 17:15:00,14.94,15.14,14.91,15.02,3974962,59556265
2024-01-03 17:20:00,14.9,15.27,14.82,14.94,9712649,144920710
2024-01-03 17:25:00,14.89,14.96,14.84,14.92,4063534,60568736
2024-01-03 17:30:00,14.81,14.96,14.7,14.87,8904487,132143593
2024-01-03 17:35:00,14.68,14.85,14.55,14.77,7520268,110749806
2024-01-03 17:40:00,14.59,14.86,14.46,14.62,11082060,161826707
2024-01-03 17:45:00,14.3,14.31,14.2,14.28,22862604,326683256
2024-01-03 17:50:00,14.23,14.26,14.18,14.19,11304263,160632905
2024-01-03 17:55:00,14.03,14.12,13.98,14.07,7998455,112387639
2024-01-03 18:00:00,13.93,13.97,13.83,13.96,6324729,88207341
2024-01-03 18:05:00,13.62,13.71,13.55,13.68,19274268,263084917
2024-01-03 18:10:00,13.43,13.44,13.4,13.43,13373440,179567692
2024-01-03 18:15:00,13.35,13.54,13.2,13.41,4010892,53659529
2024-01-03 18:20:00,13.31,13.36,13.11,13.27,14278185,189729664
2024-01-03 18:25:00,13.09,13.41,12.93,13.21,5083835,66850724
2024-01-03 18:30:00,13.06,13.29,13.03,13.08,5202900,67992502
2024-01-03 18:35:00,12.97,13.05,12.83,12.95,5145216,66694464
2024-01-03 18:40:00,12.93,12.98,12.82,12.92,7020320,90745598
2024-01-03 18:45:00,12.91,12.92,12.65,12.74,14024352,179855168
2024-01-03 18:50:00,12.64,12.78,12.38,12.62,7805355,98601163
2024-01-03 18:55:00,12.39,12.52,12.22,12.45,9723237,120746017
2024-01-03 19:00:00,12.28,12.31,12.19,12.28,9860974,121090428
2024-01-03 19:05:00,12.02,12.29,12.01,12.13,13270925,160264620
2024-01-03 19:10:00,12.03,12.1,11.94,12.03,5090075,61224822
2024-01-03 19:15:00,11.82,11.93,11.75,11.87,17039842,201761116
2024-01-03 19:20:00,11.92,12.06,11.83,11.87,3623209,43089971
2024-01-03 19:25:00,11.63,11.7,11.51,11.66,20375724,237327292
2024-01-03 19:30:00,11.52,11.6,11.48,11.53,7222786,83254975
2024-01-03 19:35:00,11.34,11.55,11.21,11.38,14962632,169930630
2024-01-03 19:40:00,11.49,11.55,11.32,11.39,4181009,47840568
2024-01-03 19:45:00,11.28,11.37,11.09,11.3,5356643,60465531
2024-01-03 19:50:00,11.38,11.41,11.15,11.28,8085940,91604021
2024-01-03 19:55:00,11.08,11.1,11.02,11.03,21672882,239600135
2024-01-03 20:00:00,10.97,11.09,10.77,10.95,8078051,88530851
2024-01-03 20:05:00,10.93,11.01,10.79,10.91,7755243,84722983
2024-01-03 20:10:00,10.83,10.89,10.81,10.81,10231564,110741584
2024-01-03 20:15:00,10.69,10.82,10.65,10.8,7774661,83536538
2024-01-03 20:20:00,10.63,10.66,10.46,10.64,9843839,104714586
2024-01-03 20:25:00,10.7,10.72,10.5,10.66,5762295,61546604
2024-01-03 20:30:00,10.75,10.82,10.67,10.75,9052857,97288503
2024-01-03 20:35:00,10.54,10.61,10.49,10.61,9785505,103460130
2024-01-03 20:40:00,10.46,10.47,10.4,10.47,16405752,171695669
2024-01-03 20:45:00,10.57,10.59,10.43,10.48,3865548,40698352
2024-01-03 20:50:00,10.58,10.58,10.39,10.51,4098361,43213473
2024-01-03 20:55:00,10.36,10.43,10.36,10.36,13030376,135014404
2024-01-03 21:00:00,10.27,10.35,10.21,10.23,13530059,138679381
2024-01-03 21:05:00,10.08,10.19,10.05,10.1,7734922,78056490
2024-01-03 21:10:00,9.81,9.96,9.77,9.89,13704711,135003763
2024-01-03 21:15:00,9.68,9.81,9.62,9.72,19793268,191999721
2024-01-03 21:20:00,9.62,9.67,9.46,9.55,10471242,100378527
2024-01-03 21:25:00,9.38,9.44,9.37,9.4,15281617,143483833
2024-01-03 21:30:00,9.29,9.44,9.26,9.3,12583903,116953055
2024-01-03 21:35:00,9.21,9.23,9.12,9.22,8600938,79276458
2024-01-03 21:40:00,9.33,9.37,9.18,9.25,8903539,82715336
2024-01-03 21:45:00,9.16,9.21,8.95,9.08,17315375,157883135
2024-01-03 21:50:00,9.16,9.26,9.02,9.06,5815615,52991931
2024-01-03 21:55:00,8.95,9.0,8.93,8.96,11617581,104006641
2024-01-03 22:00:00,8.88,8.93,8.82,8.86,12172053,107964434
2024-01-03 22:05:00,8.76,8.83,8.72,8.82,7982893,70161829
2024-01-03 22:10:00,8.72,8.77,8.53,8.66,19990060,173681744
2024-01-03 22:15:00,8.55,8.61,8.49,8.6,7265308,62273342
2024-01-03 22:20:00,8.53,8.61,8.36,8.52,7472963,63719762
2024-01-03 22:25:00,8.42,8.51,8.39,8.47,5738224,48472034
2024-01-03 22:30:00,8.38,8.55,8.37,8.41,4760278,39953400
2024-01-03 22:35:00,8.45,8.52,8.42,8.49,5328516,45127151
2024-01-03 22:40:00,8.33,8.4,8.17,8.36,17206944,143621336
2024-01-03 22:45:00,8.22,8.27,8.15,8.24,14296660,117660176
2024-01-03 22:50:00,8.1,8.29,8.02,8.12,14507710,117616600
2024-01-03 22:55:00,8.04,8.2,7.95,8.0,13632366,109310126
2024-01-03 23:00:00,7.84,7.92,7.84,7.88,16943353,133173779
2024-01-03 23:05:00,7.89,7.9,7.77,7.88,5148637,40581971
2024-01-03 23:10:00,7.94,8.01,7.89,7.89,7775258,61520776
2024-01-03 23:15:00,7.75,7.92,7.65,7.77,10563724,82018712
2024-01-03 23:20:00,7.62,7.7,7.61,7.65,19029095,145227655
2024-01-03 23:25:00,7.59,7.66,7.57,7.6,9736313,73933828
2024-01-03 23:30:00,7.53,7.54,7.45,7.49,9250614,69483192
2024-01-03 23:35:00,7.46,7.47,7.4,7.45,7955758,59315926
2024-01-03 23:40:00,7.37,7.42,7.32,7.39,9500425,70113198
2024-01-03 23:45:00,7.25,7.29,7.12,7.23,10251878,74190095
2024-01-03 23:50:00,7.21,7.28,7.09,7.25,6745707,48738579
2024-01-03 23:55:00,7.3,7.38,7.26,7.28,5846220,42613525
2024-01-04 00:00:00,7.18,7.19,7.17,7.17,6881990,49386855
2024-01-04 00:05:00,7.06,7.17,7.01,7.08,16745238,118389643
2024-01-04 00:10:00,6.99,7.03,6.93,7.02,10119181,70897944
2024-01-04 00:15:00,6.94,6.97,6.89,6.97,11938603,83023547
2024-01-04 00:20:00,6.96,6.96,6.91,6.94,8672437,60238036
2024-01-04 00:25:00,7.02,7.05,6.91,6.98,6883696,48187825
2024-01-04 00:30:00,6.88,7.07,6.86,6.9,10852103,74754918
2024-01-04 00:35:00,6.8,6.88,6.75,6.79,15521663,105470317
2024-01-04 00:40:00,6.58,6.71,6.51,6.65,22671328,149884674
2024-01-04 00:45:00,6.52,6.55,6.5,6.54,9746504,63661389
2024-01-04 00:50:00,6.47,6.51,6.4,6.47,13943443,90267926
2024-01-04 00:55:00,6.47,6.56,6.43,6.5,10210472,66242836
2024-01-04 01:00:00,6.38,6.48,6.35,6.41,14137206,90423005
2024-01-04 01:05:00,6.34,6.38,6.3,6.36,13043412,82799218
2024-01-04 01:10:00,6.3,6.34,6.28,6.29,9045263,56975971
2024-01-04 01:15:00,6.29,6.34,6.2,6.29,7635271,48012369
2024-01-04 01:20:00,6.28,6.41,6.28,6.36,12147364,76772640
2024-01-04 01:25:00,6.2,6.33,6.2,6.27,6575517,40981516
2024-01-04 01:30:00,6.16,6.22,6.12,6.18,16834788,103863830
2024-01-04 01:35:00,6.18,6.21,6.16,6.17,5741153,35455975
2024-01-04 01:40:00,6.06,6.17,6.05,6.14,6991930,42639914
2024-01-04 01:45:00,6.15,6.19,6.11,6.17,7868904,48489741
2024-01-04 01:50:00,6.12,6.17,6.05,6.14,4982490,30537382
2024-01-04 01:55:00,6.1,6.18,5.97,6.06,11092605,67436794
2024-01-04 02:00:00,6.01,6.04,5.98,6.03,10177436,61274631
2024-01-04 02:05:00,6.03,6.06,6.01,6.02,2873058,17311010
2024-01-04 02:10:00,6.0,6.04,5.95,6.0,5198964,31198448
2024-01-04 02:15:00,5.9,6.02,5.73,5.96,4009211,23780150
2024-01-04 02:20:00,5.98,6.0,5.9,5.95,5257692,31366013
2024-01-04 02:25:00,5.96,5.96,5.93,5.95,6548352,38986036
2024-01-04 02:30:00,5.97,6.02,5.92,5.96,7169595,42760355
2024-01-04 02:35:00,6.04,6.04,5.9,5.93,10713925,64134175
2024-01-04 02:40:00,5.8,5.94,5.77,5.86,11835303,69004702
2024-01-04 02:45:00,5.86,5.91,5.76,5.81,7109711,41480888
2024-01-04 02:50:00,5.8,5.84,5.8,5.81,7380378,42828770
2024-01-04 02:55:00,5.72,5.75,5.64,5.71,16931206,96778843
2024-01-04 03:00:00,5.67,5.69,5.63,5.67,9168800,51996543
2024-01-04 03:05:00,5.59,5.64,5.58,5.6,13847549,77429535
2024-01-04 03:10:00,5.53,5.59,5.51,5.54,14091285,77996612
2024-01-04 03:15:00,5.55,5.57,5.52,5.54,6189829,34345681
2024-01-04 03:20:00,5.46,5.53,5.44,5.5,8027211,43960631
2024-01-04 03:25:00,5.46,5.51,5.43,5.44,11915092,64993860
2024-01-04 03:30:00,5.32,5.35,5.27,5.33,8346093,44454635
2024-01-04 03:35:00,5.28,5.36,5.27,5.31,6225591,32967073
2024-01-04 03:40:00,5.27,5.3,5.24,5.28,6730726,35529900
2024-01-04 03:45:00,5.36,5.39,5.29,5.32,5764597,30783529
2024-01-04 03:50:00,5.24,5.28,5.15,5.26,5879198,30867652
2024-01-04 03:55:00,5.22,5.28,5.16,5.21,5783876,30184663
2024-01-04 04:00:00,5.15,5.21,5.13,5.17,10404077,53716018
2024-01-04 04:05:00,5.21,5.21,5.14,5.19,8206328,42637923
2024-01-04 04:10:00,5.15,5.2,5.09,5.13,15461733,79459453
2024-01-04 04:15:00,5.14,5.15,5.04,5.09,7526085,38488818
2024-01-04 04:20:00,5.06,5.11,5.02,5.06,8329733,42166277
2024-01-04 04:25:00,5.04,5.05,4.92,5.02,13310708,66949836
2024-01-04 04:30:00,4.96,5.01,4.88,4.95,7867145,38980314
2024-01-04 04:35:00,4.94,4.99,4.91,4.91,11241288,55394499
2024-01-04 04:40:00,4.89,4.97,4.88,4.9,7170722,35108119
2024-01-04 04:45:00,4.83,4.85,4.79,4.82,8313041,40112268
2024-01-04 04:50:00,4.77,4.8,4.75,4.77,12899836,61545132
2024-01-04 04:55:00,4.7,4.75,4.67,4.7,16819339,79027369
2024-01-04 05:00:00,4.7,4.72,4.62,4.7,2788716,13102193
2024-01-04 05:05:00,4.6,4.62,4.55,4.59,9517106,43749845
2024-01-04 05:10:00,4.53,4.54,4.52,4.53,6723528,30435241
2024-01-04 05:15:00,4.5,4.51,4.46,4.5,7094902,31918728
2024-01-04 05:20:00,4.54,4.59,4.51,4.51,6311839,28564134
2024-01-04 05:25:00,4.48,4.49,4.42,4.46,10603603,47413122
2024-01-04 05:30:00,4.42,4.45,4.37,4.4,9387908,41362691
2024-01-04 05:35:00,4.41,4.5,4.38,4.42,10609958,46827580
2024-01-04 05:40:00,4.3,4.38,4.3,4.32,13718901,59190852
2024-01-04 05:45:00,4.23,4.26,4.21,4.21,10258291,43253691
2024-01-04 05:50:00,4.2,4.21,4.15,4.18,6600504,27645088
2024-01-04 05:55:00,4.15,4.17,4.11,4.12,12390392,51248044
2024-01-04 06:00:00,4.03,4.05,3.99,4.05,12799823,51718466
2024-01-04 06:05:00,4.02,4.07,4.01,4.03,5552259,22357808
2024-01-04 06:10:00,3.96,4.03,3.95,4.0,5702834,22699312
2024-01-04 06:15:00,3.93,3.98,3.89,3.94,16179106,63668389
2024-01-04 06:20:00,3.88,3.9,3.85,3.86,22636026,87594753
2024-01-04 06:25:00,3.84,3.85,3.81,3.85,5407385,20785418
2024-01-04 06:30:00,3.84,3.84,3.79,3.83,6530645,25051747
2024-01-04 06:35:00,3.79,3.81,3.76,3.79,11633237,44054069
2024-01-04 06:40:00,3.81,3.87,3.75,3.81,8989905,34250335
2024-01-04 06:45:00,3.72,3.77,3.68,3.74,12745930,47491252
2024-01-04 06:50:00,3.66,3.68,3.6,3.65,22634043,82735939
2024-01-04 06:55:00,3.54,3.64,3.52,3.6,13542589,48364571
2024-01-04 07:00:00,3.56,3.57,3.55,3.56,9685131,34473024
2024-01-04 07:05:00,3.5,3.54,3.48,3.53,10360176,36447299
2024-01-04 07:10:00,3.51,3.52,3.45,3.49,15942040,55812964
2024-01-04 07:15:00,3.48,3.51,3.43,3.47,11133312,38656663
2024-01-04 07:20:00,3.4,3.43,3.36,3.4,8108029,27572740
2024-01-04 07:25:00,3.43,3.45,3.38,3.4,4799690,16390253
2024-01-04 07:30:00,3.35,3.37,3.32,3.37,10032473,33687213
2024-01-04 07:35:00,3.39,3.43,3.31,3.36,4511746,15235544
2024-01-04 07:40:00,3.35,3.36,3.34,3.34,10366555,34682167
2024-01-04 07:45:00,3.31,3.34,3.26,3.32,10850651,35966356
2024-01-04 07:50:00,3.32,3.32,3.23,3.3,9517408,31483054
2024-01-04 07:55:00,3.26,3.29,3.26,3.28,12238615,40000158
2024-01-04 08:00:00,3.25,3.27,3.22,3.26,5745789,18701164
2024-01-04 08:05:00,3.25,3.29,3.25,3.26,7298805,23783367
2024-01-04 08:10:00,3.23,3.24,3.21,3.24,11681126,37750737
2024-01-04 08:15:00,3.21,3.23,3.2,3.22,6183832,19871817
2024-01-04 08:20:00,3.21,3.22,3.18,3.19,12794527,40908802
2024-01-04 08:25:00,3.19,3.2,3.17,3.19,3474718,11085577
2024-01-04 08:30:00,3.15,3.17,3.13,3.14,16392478,51575902
2024-01-04 08:35:00,3.15,3.19,3.15,3.16,7428046,23419707
2024-01-04 08:40:00,3.1,3.13,3.1,3.12,8056782,25062089
2024-01-04 08:45:00,3.06,3.1,3.04,3.06,18182050,55648262
2024-01-04 08:50:00,3.0,3.07,2.98,3.03,10840743,32703060
2024-01-04 08:55:00,2.98,2.99,2.98,2.98,9033571,26957465
2024-01-04 09:00:00,2.95,3.0,2.91,2.97,3524900,10450167
2024-01-04 09:05:00,2.96,3.01,2.9,2.93,11781236,34688869
2024-01-04 09:10:00,2.9,2.94,2.86,2.89,12612840,36538258
2024-01-04 09:15:00,2.82,2.85,2.82,2.82,24182150,68177515
2024-01-04 09:20:00,2.8,2.83,2.77,2.78,16878055,47076272
2024-01-04 09:25:00,2.69,2.7,2.67,2.7,20271438,54613860
2024-01-04 09:30:00,2.65,2.65,2.61,2.64,20492112,54157839
2024-01-04 09:35:00,2.63,2.68,2.59,2.63,6543833,17211779
2024-01-04 09:40:00,2.62,2.65,2.59,2.62,8554536,22420209
2024-01-04 09:45:00,2.62,2.64,2.57,2.6,5854445,15280924
2024-01-04 09:50:00,2.57,2.57,2.55,2.56,12087113,30952232
2024-01-04 09:55:00,2.53,2.54,2.52,2.53,11568209,29284536
2024-01-04 10:00:00,2.48,2.52,2.46,2.5,5193371,12952243
2024-01-04 10:05:00,2.44,2.49,2.43,2.46,17899041,43863929
2024-01-04 10:10:00,2.46,2.47,2.43,2.46,8020219,19735471
2024-01-04 10:15:00,2.46,2.46,2.41,2.45,5843430,14343720
2024-01-04 10:20:00,2.41,2.43,2.41,2.43,10325182,24971439
2024-01-04 10:25:00,2.43,2.48,2.4,2.4,13378780,32325482
2024-01-04 10:30:00,2.4,2.44,2.37,2.38,11703896,27981143
2024-01-04 10:35:00,2.33,2.34,2.3,2.32,14324842,33280580
2024-01-04 10:40:00,2.29,2.3,2.27,2.29,9061312,20773425
2024-01-04 10:45:00,2.25,2.27,2.24,2.26,15014528,33868846
2024-01-04 10:50:00,2.21,2.23,2.19,2.22,14900537,32950055
2024-01-04 10:55:00,2.19,2.19,2.18,2.19,7372435,16145713
2024-01-04 11:00:00,2.2,2.21,2.19,2.2,5817239,12801310
2024-01-04 11:05:00,2.17,2.24,2.17,2.19,10422841,22738922
2024-01-04 11:10:00,2.16,2.17,2.16,2.16,14606303,31528433
2024-01-04 11:15:00,2.14,2.16,2.14,2.15,11468773,24591608
2024-01-04 11:20:00,2.13,2.15,2.11,2.15,7081427,15135427
2024-01-04 11:25:00,2.13,2.15,2.1,2.14,9098588,19446945
2024-01-04 11:30:00,2.12,2.15,2.11,2.12,6997037,14829769
2024-01-04 11:35:00,2.11,2.11,2.09,2.09,16015743,33625089
2024-01-04 11:40:00,2.09,2.1,2.07,2.08,3753605,7819873
2024-01-04 11:45:00,2.05,2.09,2.04,2.07,9874665,20334533
2024-01-04 11:50:00,2.07,2.08,2.03,2.06,6230133,12851356
2024-01-04 11:55:00,2.03,2.06,2.01,2.05,6323316,12913457
2024-01-04 12:00:00,2.06,2.07,2.02,2.05,7915755,16245889
2024-01-04 12:05:00,2.01,2.02,1.99,2.02,16453388,33159726
2024-01-04 12:10:00,2.02,2.04,2.01,2.02,2747948,5546271
2024-01-04 12:15:00,2.02,2.03,2.0,2.0,10227361,20541460
2024-01-04 12:20:00,2.0,2.02,1.99,2.02,7196669,14455143
2024-01-04 12:25:00,1.97,1.99,1.96,1.98,11688502,23109219
2024-01-04 12:30:00,1.99,1.99,1.98,1.99,9238379,18373369
2024-01-04 12:35:00,1.99,1.99,1.97,1.97,7464053,14779686
2024-01-04 12:40:00,1.93,1.98,1.93,1.95,18202645,35272224
2024-01-04 12:45:00,1.89,1.95,1.88,1.92,8117472,15461606
2024-01-04 12:50:00,1.89,1.9,1.87,1.89,13126829,24838549
2024-01-04 12:55:00,1.89,1.89,1.88,1.88,9742166,18358372
2024-01-04 13:00:00,1.88,1.88,1.84,1.87,5955133,11174781
2024-01-04 13:05:00,1.84,1.85,1.82,1.84,10147028,18686958
2024-01-04 13:10:00,1.82,1.83,1.81,1.83,13489160,24592692
2024-01-04 13:15:00,1.85,1.87,1.84,1.84,10801979,19912018
2024-01-04 13:20:00,1.83,1.88,1.81,1.85,5722275,10508645
2024-01-04 13:25:00,1.83,1.85,1.82,1.83,8543637,15645855
2024-01-04 13:30:00,1.82,1.83,1.81,1.82,5536108,10054759
2024-01-04 13:35:00,1.8,1.81,1.78,1.8,6753088,12162339
2024-01-04 13:40:00,1.79,1.81,1.77,1.79,7447159,13312063
2024-01-04 13:45:00,1.76,1.76,1.75,1.76,8261946,14521940
2024-01-04 13:50:00,1.71,1.75,1.7,1.74,14827505,25586946
2024-01-04 13:55:00,1.69,1.71,1.68,1.7,20319612,34412258
2024-01-04 14:00:00,1.69,1.7,1.68,1.68,12143059,20481893
2024-01-04 14:05:00,1.67,1.68,1.66,1.68,8855003,14810481
2024-01-04 14:10:00,1.65,1.66,1.63,1.65,17199966,28445327
2024-01-04 14:15:00,1.66,1.69,1.64,1.66,6630352,11004218
2024-01-04 14:20:00,1.62,1.65,1.6,1.63,16405810,26641236
2024-01-04 14:25:00,1.59,1.6,1.58,1.59,23433396,37283020
2024-01-04 14:30:00,1.57,1.6,1.54,1.58,10405413,16373187
2024-01-04 14:35:00,1.57,1.58,1.56,1.57,3089153,4862093
2024-01-04 14:40:00,1.59,1.59,1.57,1.58,8232966,13029476
2024-01-04 14:45:00,1.56,1.58,1.55,1.56,16646208,25956719
2024-01-04 14:50:00,1.55,1.56,1.55,1.56,7376546,11465087
2024-01-04 14:55:00,1.54,1.55,1.52,1.54,11014326,16977702
2024-01-04 15:00:00,1.53,1.54,1.51,1.52,12531608,19120958
2024-01-04 15:05:00,1.5,1.53,1.5,1.52,9647065,14575095
2024-01-04 15:10:00,1.52,1.55,1.51,1.51,4370341,6624235
2024-01-04 15:15:00,1.48,1.48,1.47,1.48,19042333,28111990
2024-01-04 15:20:00,1.48,1.5,1.47,1.48,4620334,6846231
2024-01-04 15:25:00,1.49,1.49,1.47,1.48,6284198,9339186
2024-01-04 15:30:00,1.45,1.47,1.44,1.46,13857033,20156542
2024-01-04 15:35:00,1.44,1.45,1.44,1.45,5505460,7966824
2024-01-04 15:40:00,1.44,1.44,1.43,1.44,5676749,8173632
2024-01-04 15:45:00,1.42,1.43,1.42,1.43,10056140,14347090
2024-01-04 15:50:00,1.42,1.44,1.41,1.41,7670416,10854771
2024-01-04 15:55:00,1.38,1.4,1.36,1.39,9713849,13449267
2024-01-04 16:00:00,1.37,1.38,1.37,1.37,13500084,18515370
2024-01-04 16:05:00,1.37,1.37,1.37,1.37,4398002,6039501
2024-01-04 16:10:00,1.36,1.37,1.34,1.36,7740410,10532199
2024-01-04 16:15:00,1.34,1.35,1.34,1.35,16559861,22286984
2024-01-04 16:20:00,1.34,1.35,1.33,1.34,5033000,6759691
2024-01-04 16:25:00,1.3,1.31,1.29,1.3,19040236,24706949
2024-01-04 16:30:00,1.3,1.3,1.29,1.3,5989570,7770404
2024-01-04 16:35:00,1.26,1.28,1.26,1.27,21299589,26949513
2024-01-04 16:40:00,1.24,1.26,1.24,1.25,16060300,20010206
2024-01-04 16:45:00,1.23,1.23,1.22,1.23,20505995,25184590
2024-01-04 16:50:00,1.21,1.21,1.2,1.2,19388426,23415337
2024-01-04 16:55:00,1.2,1.22,1.2,1.2,3907524,4695276
2024-01-04 17:00:00,1.19,1.19,1.17,1.19,6234289,7392577
2024-01-04 17:05:00,1.18,1.18,1.16,1.18,7620191,8981221
2024-01-04 17:10:00,1.16,1.18,1.15,1.16,6541251,7592509
2024-01-04 17:15:00,1.17,1.17,1.15,1.16,9804362,11393994
2024-01-04 17:20:00,1.15,1.15,1.13,1.15,11264197,12919588
2024-01-04 17:25:00,1.13,1.15,1.11,1.12,8235902,9289672
2024-01-04 17:30:00,1.12,1.12,1.11,1.12,8050678,9008823
2024-01-04 17:35:00,1.12,1.12,1.09,1.11,8972470,9964328
2024-01-04 17:40:00,1.09,1.09,1.07,1.08,15134403,16391335
2024-01-04 17:45:00,1.07,1.08,1.05,1.07,13689126,14619966
2024-01-04 17:50:00,1.07,1.07,1.06,1.07,5571579,5957539
2024-01-04 17:55:00,1.06,1.08,1.06,1.07,6219521,6621027
2024-01-04 18:00:00,1.06,1.07,1.05,1.05,6449831,6803410
2024-01-04 18:05:00,1.04,1.04,1.03,1.04,10281304,10678586
2024-01-04 18:10:00,1.02,1.03,1.01,1.03,14286314,14575542
2024-01-04 18:15:00,1.03,1.04,1.02,1.03,11744045,12086866
2024-01-04 18:20:00,1.02,1.03,1.02,1.02,7747008,7936328
2024-01-04 18:25:00,1.02,1.04,1.0,1.02,7654846,7800174
2024-01-04 18:30:00,1.02,1.02,1.01,1.02,7080122,7195153
2024-01-04 18:35:00,1.01,1.02,0.99,1.01,13061689,13208729
2024-01-04 18:40:00,0.99,1.0,0.99,1.0,8471816,8397363
2024-01-04 18:45:00,0.99,0.99,0.98,0.98,10147678,9994939
2024-01-04 18:50:00,0.97,0.99,0.96,0.97,13341723,12938747
2024-01-04 18:55:00,0.97,0.97,0.95,0.96,11271419,10888845
2024-01-04 19:00:00,0.96,0.97,0.95,0.96,4333837,4160322
2024-01-04 19:05:00,0.95,0.97,0.94,0.95,11052416,10522037
2024-01-04 19:10:00,0.94,0.95,0.94,0.95,4860643,4593432
2024-01-04 19:15:00,0.94,0.95,0.92,0.94,10436756,9810799
2024-01-04 19:20:00,0.93,0.94,0.91,0.93,9975927,9284483
2024-01-04 19:25:00,0.91,0.92,0.9,0.9,24773243,22438728
2024-01-04 19:30:00,0.9,0.91,0.9,0.9,6105136,5505166
2024-01-04 19:35:00,0.9,0.9,0.89,0.9,6720659,6027126
2024-01-04 19:40:00,0.89,0.9,0.89,0.89,4397717,3923247
2024-01-04 19:45:00,0.87,0.87,0.86,0.86,29674727,25709192
2024-01-04 19:50:00,0.88,0.88,0.87,0.87,5599687,4893620
2024-01-04 19:55:00,0.87,0.87,0.86,0.86,9783380,8442944
2024-01-04 20:00:00,0.86,0.86,0.85,0.86,3831413,3287837
2024-01-04 20:05:00,0.85,0.85,0.84,0.84,18040134,15240983
2024-01-04 20:10:00,0.83,0.85,0.82,0.84,7363579,6163713
2024-01-04 20:15:00,0.83,0.83,0.82,0.82,12104973,9993888
2024-01-04 20:20:00,0.81,0.82,0.8,0.81,10766693,8753939
2024-01-04 20:25:00,0.81,0.82,0.81,0.82,10341434,8403843
2024-01-04 20:30:00,0.8,0.81,0.8,0.81,11350280,9134036
2024-01-04 20:35:00,0.8,0.82,0.8,0.8,11129626,8902207
2024-01-04 20:40:00,0.8,0.8,0.79,0.8,9119974,7272173
2024-01-04 20:45:00,0.79,0.8,0.78,0.79,11249845,8896122
2024-01-04 20:50:00,0.79,0.79,0.78,0.79,7793512,6133340
2024-01-04 20:55:00,0.78,0.78,0.78,0.78,12416284,9698937
2024-01-04 21:00:00,0.79,0.8,0.78,0.79,5041598,3970241
2024-01-04 21:05:00,0.78,0.78,0.77,0.78,8977763,6986442
2024-01-04 21:10:00,0.78,0.79,0.77,0.77,12846864,9958457
2024-01-04 21:15:00,0.78,0.78,0.77,0.77,4497332,3485832
2024-01-04 21:20:00,0.77,0.78,0.77,0.77,4318621,3325588
2024-01-04 21:25:00,0.77,0.77,0.76,0.77,4221974,3248427
2024-01-04 21:30:00,0.77,0.77,0.76,0.77,8290545,6365137
2024-01-04 21:35:00,0.75,0.75,0.75,0.75,13681236,10282690
2024-01-04 21:40:00,0.75,0.76,0.75,0.75,8004909,6038099
2024-01-04 21:45:00,0.74,0.75,0.73,0.74,20356947,15096532
2024-01-04 21:50:00,0.73,0.74,0.73,0.73,10330377,7552689
2024-01-04 21:55:00,0.73,0.73,0.72,0.72,9175996,6655410
2024-01-04 22:00:00,0.72,0.72,0.71,0.72,14706337,10522115
2024-01-04 22:05:00,0.71,0.71,0.7,0.71,6645964,4714359
2024-01-04 22:10:00,0.7,0.71,0.7,0.7,5668974,3994712
2024-01-04 22:15:00,0.7,0.7,0.7,0.7,4908919,3436677
2024-01-04 22:20:00,0.7,0.7,0.69,0.7,6855100,4792699
2024-01-04 22:25:00,0.7,0.71,0.7,0.7,5029298,3522111
2024-01-04 22:30:00,0.69,0.7,0.69,0.69,7016936,4838041
2024-01-04 22:35:00,0.69,0.69,0.68,0.69,4921786,3389065
2024-01-04 22:40:00,0.69,0.69,0.68,0.69,4104041,2828151
2024-01-04 22:45:00,0.67,0.68,0.67,0.67,16473904,11074651
2024-01-04 22:50:00,0.67,0.68,0.67,0.67,10031949,6733923
2024-01-04 22:55:00,0.67,0.67,0.66,0.67,9086329,6061118
2024-01-04 23:00:00,0.66,0.67,0.64,0.66,8538759,5641363
2024-01-04 23:05:00,0.65,0.66,0.65,0.66,4095093,2688118
2024-01-04 23:10:00,0.65,0.66,0.65,0.65,15549951,10144960
2024-01-04 23:15:00,0.64,0.65,0.64,0.65,4831314,3119789
2024-01-04 23:20:00,0.64,0.65,0.64,0.64,14763885,9450031
2024-01-04 23:25:00,0.63,0.64,0.63,0.63,6959521,4411200
2024-01-04 23:30:00,0.62,0.62,0.62,0.62,20831411,12919869
2024-01-04 23:35:00,0.61,0.61,0.59,0.61,13281965,8062010
2024-01-04 23:40:00,0.61,0.61,0.6,0.61,5989733,3651168
2024-01-04 23:45:00,0.6,0.6,0.59,0.6,16170820,9674070
2024-01-04 23:50:00,0.59,0.6,0.59,0.59,15198996,8969851
2024-01-04 23:55:00,0.57,0.58,0.57,0.57,15231590,8721064
2024-01-05 00:00:00,0.56,0.57,0.55,0.56,13240536,7419813
2024-01-05 00:05:00,0.55,0.56,0.55,0.55,18830684,10403201
2024-01-05 00:10:00,0.55,0.56,0.55,0.55,3557561,1968276
2024-01-05 00:15:00,0.55,0.55,0.54,0.55,3051388,1682456
2024-01-05 00:20:00,0.54,0.55,0.54,0.55,12225842,6643748
2024-01-05 00:25:00,0.55,0.56,0.55,0.55,5687411,3125999
2024-01-05 00:30:00,0.55,0.55,0.54,0.55,7080709,3895231
2024-01-05 00:35:00,0.54,0.55,0.54,0.54,8074271,4375027
2024-01-05 00:40:00,0.52,0.53,0.52,0.53,18662591,9790762
2024-01-05 00:45:00,0.53,0.54,0.53,0.53,6387472,3387947
2024-01-05 00:50:00,0.52,0.52,0.52,0.52,16321363,8456537
2024-01-05 00:55:00,0.51,0.51,0.5,0.51,10220291,5171022
2024-01-05 01:00:00,0.5,0.51,0.5,0.51,3095780,1561656
2024-01-05 01:05:00,0.51,0.51,0.51,0.51,5373898,2732625
2024-01-05 01:10:00,0.51,0.51,0.5,0.51,8040222,4106772
2024-01-05 01:15:00,0.51,0.51,0.51,0.51,4979459,2532905
2024-01-05 01:20:00,0.51,0.51,0.5,0.51,9219879,4662316
2024-01-05 01:25:00,0.5,0.51,0.5,0.5,3745294,1886385
2024-01-05 01:30:00,0.5,0.5,0.5,0.5,4240478,2124563
2024-01-05 01:35:00,0.5,0.5,0.5,0.5,8962434,4472965
2024-01-05 01:40:00,0.49,0.5,0.49,0.49,9254600,4554563
2024-01-05 01:45:00,0.49,0.49,0.49,0.49,14891355,7290037
2024-01-05 01:50:00,0.48,0.48,0.47,0.48,18817833,9025352
2024-01-05 01:55:00,0.47,0.48,0.47,0.47,14243384,6752338
2024-01-05 02:00:00,0.46,0.47,0.46,0.46,18493461,8547700
2024-01-05 02:05:00,0.46,0.47,0.45,0.46,9933216,4552813
2024-01-05 02:10:00,0.45,0.45,0.45,0.45,11954574,5401838
2024-01-05 02:15:00,0.44,0.44,0.44,0.44,20870916,9244136
2024-01-05 02:20:00,0.44,0.44,0.44,0.44,10244666,4504006
2024-01-05 02:25:00,0.44,0.44,0.44,0.44,5999278,2637496
2024-01-05 02:30:00,0.44,0.44,0.43,0.44,4636652,2024749
2024-01-05 02:35:00,0.43,0.43,0.42,0.43,8905898,3809591
2024-01-05 02:40:00,0.42,0.42,0.42,0.42,20184746,8471237
2024-01-05 02:45:00,0.42,0.43,0.42,0.42,5081990,2138778
2024-01-05 02:50:00,0.41,0.41,0.4,0.41,13138085,5397055
2024-01-05 02:55:00,0.41,0.41,0.4,0.41,6703804,2735810
2024-01-05 03:00:00,0.41,0.41,0.4,0.4,10438890,4236226
2024-01-05 03:05:00,0.4,0.41,0.39,0.4,7324440,2926834
2024-01-05 03:10:00,0.39,0.4,0.39,0.39,12788762,5035483
2024-01-05 03:15:00,0.39,0.39,0.39,0.39,9824820,3799880
2024-01-05 03:20:00,0.38,0.39,0.38,0.38,17212554,6584891
2024-01-05 03:25:00,0.38,0.38,0.37,0.38,10734955,4046905
2024-01-05 03:30:00,0.37,0.37,0.36,0.37,10887513,4002837
2024-01-05 03:35:00,0.36,0.37,0.36,0.37,8789212,3207696
2024-01-05 03:40:00,0.36,0.37,0.36,0.36,8197181,2980633
2024-01-05 03:45:00,0.36,0.36,0.36,0.36,5289124,1900091
2024-01-05 03:50:00,0.36,0.36,0.35,0.36,12385807,4429838
2024-01-05 03:55:00,0.36,0.36,0.35,0.36,4922585,1765733
2024-01-05 04:00:00,144.83,145.21,144.54,144.7,2700573940,390945594846
2024-01-05 04:05:00,145.23,145.83,144.85,144.93,3877735,562579697
2024-01-05 04:10:00,145.96,146.13,144.85,145.8,7060512,1029967567
2024-01-05 04:15:00,148.11,149.02,146.17,147.17,13276507,1960111258
2024-01-05 04:20:00,147.26,150.78,145.21,147.96,6647563,981260992
2024-01-05 04:25:00,148.25,149.74,148.07,148.76,11131814,1653124244
2024-01-05 04:30:00,148.09,150.05,147.76,148.67,7667897,1137757522
2024-01-05 04:35:00,149.24,149.84,146.85,148.62,3318221,494188533
2024-01-05 04:40:00,148.37,149.59,146.2,147.7,5489035,812574488
2024-01-05 04:45:00,150.88,150.95,149.15,150.54,19765005,2978741510
2024-01-05 04:50:00,150.68,150.81,146.96,149.8,6668198,1001827840
2024-01-05 04:55:00,148.84,151.01,148.39,149.72,2655708,396433597
2024-01-05 05:00:00,150.85,151.07,148.06,149.61,4153651,624005444
2024-01-05 05:05:00,152.59,153.08,150.95,151.44,12168274,1849770493
2024-01-05 05:10:00,152.4,152.84,151.82,151.84,8219763,1250396015
2024-01-05 05:15:00,155.51,156.14,153.44,154.14,7915605,1225509617
2024-01-05 05:20:00,152.8,154.44,152.08,154.08,3167303,485989103
2024-01-05 05:25:00,154.79,155.83,152.86,155.2,12261627,1900482457
2024-01-05 05:30:00,154.37,155.58,152.99,154.94,7300604,1129067441
2024-01-05 05:35:00,158.98,160.51,156.21,158.41,17531134,2782164073
2024-01-05 05:40:00,156.88,159.96,155.49,157.7,9194151,1446141636
2024-01-05 05:45:00,159.49,159.51,156.0,158.89,8123340,1293154777
2024-01-05 05:50:00,161.6,161.89,160.24,160.5,12636623,2035118127
2024-01-05 05:55:00,162.4,163.61,157.8,161.84,7986990,1294866481
2024-01-05 06:00:00,162.64,166.46,162.4,162.41,5033885,818148456
2024-01-05 06:05:00,162.25,164.46,160.8,163.06,8587095,1396751345
2024-01-05 06:10:00,163.24,164.5,163.17,163.94,7064473,1155673611
2024-01-05 06:15:00,165.59,166.15,164.5,164.57,10248548,1691838942
2024-01-05 06:20:00,167.32,168.13,166.46,166.67,9651665,1611815744
2024-01-05 06:25:00,170.47,171.81,169.56,170.5,23242908,3962533660
2024-01-05 06:30:00,170.24,173.06,168.82,170.59,7560738,1288472251
2024-01-05 06:35:00,167.87,170.27,165.6,169.58,5914753,997962268
2024-01-05 06:40:00,169.4,171.75,169.07,170.31,9286354,1577370789
2024-01-05 06:45:00,176.41,176.77,173.72,174.74,16632149,2920190913
2024-01-05 06:50:00,173.38,174.92,172.5,174.49,8091844,1407447558
2024-01-05 06:55:00,177.85,180.8,175.86,177.68,13361343,2375225058
2024-01-05 07:00:00,181.9,183.94,180.62,180.99,17690351,3209842438
2024-01-05 07:05:00,179.96,182.84,179.56,181.1,5117107,923779276
2024-01-05 07:10:00,183.01,183.27,181.47,182.84,7119491,1302301629
2024-01-05 07:15:00,187.04,188.29,184.68,186.16,9804785,1829582062
2024-01-05 07:20:00,186.54,186.7,185.51,186.53,5543105,1034005974
2024-01-05 07:25:00,189.85,191.13,186.5,187.17,8401700,1583785497
2024-01-05 07:30:00,185.67,188.36,184.4,187.23,5723764,1067205845
2024-01-05 07:35:00,187.64,188.62,185.69,186.65,7788803,1457645492
2024-01-05 07:40:00,186.46,188.07,185.41,186.62,3982701,742923937
2024-01-05 07:45:00,186.45,186.47,184.79,185.73,7252311,1349561035
2024-01-05 07:50:00,187.12,188.02,186.54,186.71,4160595,777693504
2024-01-05 07:55:00,185.82,188.82,185.79,186.5,7343434,1367030974
2024-01-05 08:00:00,188.0,189.23,184.91,187.79,12576789,2363107111
2024-01-05 08:05:00,184.66,187.03,182.49,186.4,7905552,1466717801
2024-01-05 08:10:00,188.4,189.85,187.32,187.83,4511700,848706350
2024-01-05 08:15:00,190.32,191.14,188.92,190.04,7260807,1380842509
2024-01-05 08:20:00,188.57,189.27,186.38,187.97,12065431,2271544902
2024-01-05 08:25:00,190.48,192.74,188.01,189.48,10011485,1901988838
2024-01-05 08:30:00,192.66,193.92,191.2,192.31,15991341,3078139197
2024-01-05 08:35:00,191.56,193.3,188.63,191.42,5527702,1058483240
2024-01-05 08:40:00,194.11,195.61,193.98,194.97,17939220,3489896336
2024-01-05 08:45:00,195.91,197.77,194.89,196.61,10908475,2140865764
2024-01-05 08:50:00,197.65,200.22,195.57,196.48,4372256,861626361
2024-01-05 08:55:00,198.8,202.02,193.51,197.38,7614488,1508368207
2024-01-05 09:00:00,199.03,201.26,195.87,199.26,6304170,1255440198
2024-01-05 09:05:00,200.43,201.68,200.37,200.39,7439802,1491004734
2024-01-05 09:10:00,201.35,202.7,200.73,202.26,13344147,2692923265
2024-01-05 09:15:00,202.97,203.65,199.59,201.79,5689672,1151471743
2024-01-05 09:20:00,203.75,205.69,202.84,203.08,10962624,2229956199
2024-01-05 09:25:00,203.76,205.09,200.74,201.8,8884030,1801514173
2024-01-05 09:30:00,201.75,204.41,200.34,202.64,4885591,987820470
2024-01-05 09:35:00,201.8,203.07,201.68,202.19,6604872,1334153509
2024-01-05 09:40:00,202.24,204.41,201.71,202.01,5468378,1105307645
2024-01-05 09:45:00,205.71,206.9,203.67,205.04,11188658,2297864004
2024-01-05 09:50:00,207.66,210.03,204.8,207.88,7355946,1528332322
2024-01-05 09:55:00,209.03,214.29,208.63,209.95,9114667,1909407963
2024-01-05 10:00:00,210.09,212.1,207.65,209.16,3930859,824009056
2024-01-05 10:05:00,210.44,211.62,209.31,209.68,3736697,784939774
2024-01-05 10:10:00,211.82,213.49,209.38,212.79,11319497,2403194924
2024-01-05 10:15:00,215.56,216.91,212.9,214.11,6501952,1396818752
2024-01-05 10:20:00,220.49,223.09,217.36,219.21,23925742,5260127979
2024-01-05 10:25:00,221.16,223.39,220.89,221.01,7951003,1757815814
2024-01-05 10:30:00,222.55,223.93,222.31,222.46,10408099,2315835216
2024-01-05 10:35:00,223.64,223.78,221.65,223.02,6459445,1442610566
2024-01-05 10:40:00,223.42,225.54,222.03,224.38,9681365,2167672388
2024-01-05 10:45:00,225.27,226.46,222.77,225.24,5242053,1180795898
2024-01-05 10:50:00,225.21,229.53,221.66,227.66,14907423,3375493713
2024-01-05 10:55:00,231.57,232.68,230.49,230.56,11674070,2697439111
2024-01-05 11:00:00,228.47,233.25,226.18,230.26,7505595,1721517115
2024-01-05 11:05:00,230.69,231.46,227.03,228.97,6763503,1554452974
2024-01-05 11:10:00,226.39,228.97,224.44,226.76,5905212,1337983783
2024-01-05 11:15:00,228.59,231.33,226.67,228.83,11195132,2560443095
2024-01-05 11:20:00,227.24,229.06,225.68,227.96,3507197,798246979
2024-01-05 11:25:00,224.87,226.83,224.84,225.19,10830917,2437297813
2024-01-05 11:30:00,228.64,231.52,221.66,227.03,6277187,1430163487
2024-01-05 11:35:00,229.87,233.62,228.69,232.77,19704566,4558049218
2024-01-05 11:40:00,235.42,238.24,232.75,233.93,11068992,2597585254
2024-01-05 11:45:00,237.08,238.82,234.83,236.68,10473636,2481029643
2024-01-05 11:50:00,236.59,240.55,236.36,238.03,10320732,2449214709
2024-01-05 11:55:00,237.75,239.36,236.95,239.04,7166058,1708336517
2024-01-05 12:00:00,244.04,244.19,240.41,242.01,11136052,2706324469
2024-01-05 12:05:00,241.51,244.13,239.47,242.66,9076276,2197255711
2024-01-05 12:10:00,242.99,245.76,241.6,244.4,11920117,2904912799
2024-01-05 12:15:00,247.66,248.22,244.05,246.26,11306116,2792207832
2024-01-05 12:20:00,246.6,247.01,244.88,246.18,4113533,1013536451
2024-01-05 12:25:00,248.22,250.01,247.2,249.39,11990881,2983404521
2024-01-05 12:30:00,250.56,252.28,249.38,250.29,4927153,1233902404
2024-01-05 12:35:00,248.75,251.14,248.08,250.04,5207319,1298673179
2024-01-05 12:40:00,253.76,254.28,251.45,252.37,9499924,2404116157
2024-01-05 12:45:00,253.16,255.35,245.69,251.82,8106500,2046827782
2024-01-05 12:50:00,253.82,254.08,251.08,253.15,10636326,2696129659
2024-01-05 12:55:00,254.86,256.6,251.48,254.4,6832019,1739637208
2024-01-05 13:00:00,260.18,261.76,255.74,257.91,6134718,1589166590
2024-01-05 13:05:00,260.19,262.23,258.17,260.19,12807562,3332415497
2024-01-05 13:10:00,259.9,262.02,258.97,261.45,4993814,1301757956
2024-01-05 13:15:00,265.08,267.7,262.89,264.49,12090893,3201453668
2024-01-05 13:20:00,271.59,273.34,268.31,268.79,6859845,1853452292
2024-01-05 13:25:00,269.97,271.75,265.76,271.35,8758950,2370674509
2024-01-05 13:30:00,272.24,274.16,269.8,272.73,11215547,3056073226
2024-01-05 13:35:00,271.81,272.37,267.9,271.24,4650016,1262587305
2024-01-05 13:40:00,270.22,273.56,268.21,270.29,6238798,1686062932
2024-01-05 13:45:00,269.66,271.46,266.97,270.99,5073233,1371402120
2024-01-05 13:50:00,272.54,272.97,270.25,271.02,7121291,1935450926
2024-01-05 13:55:00,275.13,276.32,268.04,271.98,9254521,2531628784
2024-01-05 14:00:00,273.74,274.23,272.08,273.47,5704525,1560775804
2024-01-05 14:05:00,274.76,278.66,274.5,276.01,5593953,1540499350
2024-01-05 14:10:00,275.09,279.65,274.09,277.24,8142752,2248762314
2024-01-05 14:15:00,280.08,280.55,279.17,279.72,7905584,2212781488
2024-01-05 14:20:00,282.82,283.27,280.2,281.27,9100254,2566704507
2024-01-05 14:25:00,278.91,278.93,276.68,278.25,5531704,1541038414
2024-01-05 14:30:00,277.55,278.71,274.94,277.56,3959426,1098959989
2024-01-05 14:35:00,277.81,279.12,276.9,278.63,8221459,2287374069
2024-01-05 14:40:00,275.82,278.39,272.78,277.33,5223467,1444687782
2024-01-05 14:45:00,281.24,285.17,279.01,280.07,13448237,3774284019
2024-01-05 14:50:00,286.25,287.48,278.23,284.94,7613185,2174285168
2024-01-05 14:55:00,286.95,289.77,285.28,289.18,8858606,2551845308
2024-01-05 15:00:00,292.45,293.04,284.64,290.14,9969163,2903937220
2024-01-05 15:05:00,295.94,298.77,291.8,295.1,12567760,3714007285
2024-01-05 15:10:00,299.01,300.85,296.36,296.93,9745147,2903760551
2024-01-05 15:15:00,295.62,298.81,294.91,297.62,4203785,1246930004
2024-01-05 15:20:00,295.62,298.87,295.53,297.65,5607783,1663461290
2024-01-05 15:25:00,298.2,300.34,294.06,298.42,7720038,2302982594
2024-01-05 15:30:00,299.74,300.58,298.95,298.99,4849034,1451650329
2024-01-05 15:35:00,303.61,305.48,297.99,300.91,10880917,3288832426
2024-01-05 15:40:00,303.88,306.44,301.35,302.81,8991266,2727418815
2024-01-05 15:45:00,303.97,305.38,302.96,304.34,6684826,2033195237
2024-01-05 15:50:00,305.36,311.11,303.28,306.94,9787442,2996407949
2024-01-05 15:55:00,313.35,314.75,309.16,311.43,13210618,4126840868
2024-01-05 16:00:00,313.86,316.21,312.73,315.38,7523531,2367065190
2024-01-05 16:05:00,315.77,320.01,310.67,313.22,7613036,2394293667
2024-01-05 16:10:00,307.99,309.11,305.97,308.43,10719512,3303884508
2024-01-05 16:15:00,314.79,320.33,309.09,312.31,10129340,3176043710
2024-01-05 16:20:00,311.52,316.5,308.23,310.46,10040015,3122342658
2024-01-05 16:25:00,311.25,311.55,307.71,311.46,6491831,2021269041
2024-01-05 16:30:00,309.31,311.63,307.04,310.11,10333096,3200246131
2024-01-05 16:35:00,306.68,308.13,306.37,307.21,7699975,2363482688
2024-01-05 16:40:00,310.76,311.17,308.85,310.09,8856791,2749367153
2024-01-05 16:45:00,313.67,316.59,310.59,313.55,13568239,4255134493
2024-01-05 16:50:00,312.74,315.03,309.46,313.68,5439562,1703721818
2024-01-05 16:55:00,308.53,310.99,306.4,308.78,13462586,4155308655
2024-01-05 17:00:00,309.1,313.14,308.23,308.98,2944482,909971820
2024-01-05 17:05:00,308.19,313.77,307.62,311.51,8153427,2526356804
2024-01-05 17:10:00,310.1,314.58,306.44,309.39,6481393,2007594910
2024-01-05 17:15:00,309.88,312.09,305.06,311.4,12354079,3837689978
2024-01-05 17:20:00,311.13,313.05,309.24,312.93,6018224,1877857292
2024-01-05 17:25:00,313.3,316.25,311.64,315.96,13600507,4279145487
2024-01-05 17:30:00,315.0,318.01,312.33,317.86,9391740,2971831665
2024-01-05 17:35:00,314.83,319.33,313.43,316.98,5370100,1696424600
2024-01-05 17:40:00,320.49,322.12,317.83,321.63,12827700,4118498175
2024-01-05 17:45:00,325.99,329.9,320.87,322.84,9212360,2988636985
2024-01-05 17:50:00,323.54,327.93,319.07,324.39,10232841,3315077115
2024-01-05 17:55:00,323.88,324.67,322.38,323.6,4112144,1331264719
2024-01-05 18:00:00,324.72,325.99,320.74,324.07,4813387,1561440127
2024-01-05 18:05:00,323.61,327.73,322.09,323.4,5038855,1630109922
2024-01-05 18:10:00,324.45,327.8,323.91,324.58,3693754,1198678364
2024-01-05 18:15:00,328.73,333.68,328.58,330.71,15763115,5197387720
2024-01-05 18:20:00,331.13,334.03,327.71,328.74,10813278,3567656830
2024-01-05 18:25:00,329.1,329.28,321.17,326.16,7888309,2584435469
2024-01-05 18:30:00,328.88,332.82,327.65,331.67,16605255,5484374653
2024-01-05 18:35:00,331.08,334.75,325.86,332.78,7520601,2496325942
2024-01-05 18:40:00,332.21,339.52,330.97,332.67,4527126,1504987822
2024-01-05 18:45:00,335.51,343.2,333.87,337.14,7478529,2515196429
2024-01-05 18:50:00,338.04,339.69,335.65,337.19,6147964,2075665316
2024-01-05 18:55:00,342.62,345.41,341.53,343.87,20061522,6886056523
2024-01-05 19:00:00,351.24,352.89,344.89,347.48,12117024,4233218802
2024-01-05 19:05:00,349.94,351.67,346.77,347.87,2876618,1003656357
2024-01-05 19:10:00,356.08,358.67,354.81,355.7,11556774,4112933369
2024-01-05 19:15:00,357.59,362.41,353.49,355.76,2894897,1032531914
2024-01-05 19:20:00,361.67,364.1,358.96,359.68,11211916,4043811227
2024-01-05 19:25:00,361.33,362.42,360.42,362.35,10935673,3956958794
2024-01-05 19:30:00,366.48,371.96,365.56,367.98,7762434,2850619084
2024-01-05 19:35:00,374.63,379.16,373.54,374.48,18405237,6893769823
2024-01-05 19:40:00,378.08,382.11,375.14,376.46,8058053,3040067744
2024-01-05 19:45:00,376.34,382.9,373.57,376.08,6553642,2465537327
2024-01-05 19:50:00,376.37,381.48,372.51,379.36,13751948,5196387965
2024-01-05 19:55:00,377.68,379.7,377.45,379.21,3037823,1149648714
2024-01-05 20:00:00,387.16,387.62,383.11,387.3,21802786,8442654783
2024-01-05 20:05:00,389.52,390.14,388.45,389.67,5041633,1964209090
2024-01-05 20:10:00,394.34,398.79,390.35,390.49,5397917,2118209473
2024-01-05 20:15:00,390.31,395.55,384.57,393.03,11142594,4364190930
2024-01-05 20:20:00,391.76,392.51,386.43,390.77,11084432,4336940043
2024-01-05 20:25:00,392.59,394.9,389.25,389.69,6420842,2511471949
2024-01-05 20:30:00,399.92,405.98,394.22,395.43,13466153,5355165662
2024-01-05 20:35:00,394.54,396.32,390.23,395.33,6187298,2443579759
2024-01-05 20:40:00,394.98,398.73,392.02,394.01,8904664,3512813735
2024-01-05 20:45:00,398.82,400.09,395.86,397.69,5999370,2389294061
2024-01-05 20:50:00,403.89,405.62,403.14,403.5,16047146,6478168707
2024-01-05 20:55:00,407.66,408.16,407.06,407.87,10187686,4154179826
2024-01-05 21:00:00,414.1,416.92,410.64,413.19,10923097,4518283738
2024-01-05 21:05:00,407.54,412.79,402.11,412.76,5100771,2092087709
2024-01-05 21:10:00,411.55,416.59,408.91,410.15,8256336,3392082971
2024-01-05 21:15:00,417.45,421.29,414.85,417.19,19524945,8148150963
2024-01-05 21:20:00,417.74,418.89,411.47,418.2,6515159,2723149508
2024-01-05 21:25:00,423.76,427.55,415.5,419.46,9449917,3984173060
2024-01-05 21:30:00,424.64,427.87,421.06,426.07,8720667,3709380056
2024-01-05 21:35:00,429.26,431.93,428.92,430.12,11912294,5118610142
2024-01-05 21:40:00,438.19,440.86,433.08,433.87,12242954,5338244847
2024-01-05 21:45:00,441.82,446.77,440.4,443.66,19062120,8439585121
2024-01-05 21:50:00,442.38,446.12,434.28,443.6,5609668,2485048160
2024-01-05 21:55:00,448.82,451.47,442.49,449.15,11944671,5363032582
2024-01-05 22:00:00,453.52,454.9,448.79,451.62,10525869,4763659604
2024-01-05 22:05:00,455.34,462.53,451.55,454.86,11340566,5161088336
2024-01-05 22:10:00,459.78,464.88,459.71,462.77,8475659,3909634087
2024-01-05 22:15:00,465.75,471.4,464.83,466.99,12862301,5998603628
2024-01-05 22:20:00,469.93,471.49,468.32,471.36,8829400,4155545940
2024-01-05 22:25:00,477.63,482.37,477.59,477.82,8890830,4247354074
2024-01-05 22:30:00,479.84,483.39,474.47,478.82,8282243,3969895051
2024-01-05 22:35:00,479.0,479.35,474.07,478.0,5452879,2609214814
2024-01-05 22:40:00,472.18,477.08,465.4,476.41,8730679,4140878367
2024-01-05 22:45:00,473.83,476.32,469.29,471.33,7908220,3737270107
2024-01-05 22:50:00,482.16,485.88,480.29,481.55,7927359,3819844569
2024-01-05 22:55:00,483.04,483.12,475.23,479.72,6875206,3309583643
2024-01-05 23:00:00,482.35,485.32,480.5,481.28,3974262,1914845396
2024-01-05 23:05:00,485.28,492.17,476.61,482.63,8026767,3884589504
2024-01-05 23:10:00,487.38,490.05,486.09,486.25,6779708,3300445511
2024-01-05 23:15:00,495.2,497.64,486.29,491.89,10162322,5015549806
2024-01-05 23:20:00,499.07,499.5,495.94,497.77,6426937,3203344220
2024-01-05 23:25:00,497.7,499.32,494.02,497.95,4070140,2026222019
2024-01-05 23:30:00,505.46,508.24,497.98,499.78,8762546,4404238954
2024-01-05 23:35:00,505.67,508.15,502.25,503.43,5627494,2839345275
2024-01-05 23:40:00,506.4,506.63,501.83,504.95,7469730,3777280567
2024-01-05 23:45:00,510.78,518.93,510.54,514.06,19752747,10121684886
2024-01-05 23:50:00,515.33,520.09,509.09,518.68,11173249,5776628662
2024-01-05 23:55:00,525.12,525.38,521.71,524.36,13694639,7186119232
2024-01-06 00:00:00,530.18,532.73,522.31,529.79,6185806,3278388361
2024-01-06 00:05:00,535.83,540.2,523.86,537.48,9159049,4915222819
2024-01-06 00:10:00,541.34,545.03,540.57,540.96,11477545,6211092692
2024-01-06 00:15:00,542.34,544.69,534.68,538.07,9333301,5041896289
2024-01-06 00:20:00,544.39,547.68,534.78,542.5,10375657,5638619249
2024-01-06 00:25:00,539.3,543.36,532.82,542.4,5934235,3209525277
2024-01-06 00:30:00,542.52,548.68,539.15,542.82,4929185,2674921298
2024-01-06 00:35:00,545.91,555.87,543.79,548.11,5364820,2934616950
2024-01-06 00:40:00,555.27,557.78,549.78,556.35,16003368,8894888885
2024-01-06 00:45:00,558.09,565.54,556.95,559.24,8948027,4998953246
2024-01-06 00:50:00,562.1,565.44,560.04,563.44,8503865,4785732936
2024-01-06 00:55:00,570.44,574.55,568.27,574.04,20037734,11466364497
2024-01-06 01:00:00,577.67,585.92,572.75,578.04,7081668,4092157518
2024-01-06 01:05:00,591.5,598.42,586.66,593.16,14228683,8428049818
2024-01-06 01:10:00,590.07,603.52,585.09,598.84,13409892,7971612018
2024-01-06 01:15:00,599.53,606.24,588.45,593.43,12369092,7377915707
2024-01-06 01:20:00,603.29,606.32,595.65,600.02,10677214,6423997058
2024-01-06 01:25:00,603.74,606.22,600.07,604.88,5696101,3442207097
2024-01-06 01:30:00,614.28,619.37,611.19,614.22,9056578,5563019837
2024-01-06 01:35:00,617.01,621.65,610.35,620.64,11792358,7297406043
2024-01-06 01:40:00,628.35,628.54,620.05,623.07,6153197,3850133035
2024-01-06 01:45:00,625.98,629.28,619.94,620.1,9877776,6154251294
2024-01-06 01:50:00,622.66,628.09,616.3,622.17,9671450,6019679185
2024-01-06 01:55:00,624.24,627.97,615.34,621.06,7697795,4793025846
2024-01-06 02:00:00,621.83,631.62,610.8,621.29,4549346,2827696382
2024-01-06 02:05:00,623.16,627.46,618.87,627.36,12707194,7945317903
2024-01-06 02:10:00,637.67,640.49,636.03,638.99,12078452,7710065241
2024-01-06 02:15:00,644.66,645.94,642.34,644.23,6060572,3905702067
2024-01-06 02:20:00,639.85,642.98,637.69,641.3,3881644,2486486897
2024-01-06 02:25:00,646.12,647.47,642.9,646.82,8223593,5316306834
2024-01-06 02:30:00,656.03,664.28,651.05,656.33,17253662,11321458325
2024-01-06 02:35:00,656.15,658.42,654.54,656.42,3744544,2457478697
2024-01-06 02:40:00,659.18,661.15,652.49,659.01,4924535,3245726343
2024-01-06 02:45:00,658.88,665.05,652.17,662.4,11119221,7345801336
2024-01-06 02:50:00,659.19,662.46,658.68,661.56,2957520,1953063138
2024-01-06 02:55:00,664.05,677.09,654.85,668.34,12985612,8650924305
2024-01-06 03:00:00,674.33,675.32,658.99,671.05,5768048,3880100472
2024-01-06 03:05:00,669.56,676.79,668.52,676.69,4936501,3322884797
2024-01-06 03:10:00,679.17,681.79,664.91,675.28,8568777,5802982421
2024-01-06 03:15:00,680.99,686.97,674.39,676.3,3682057,2498802119
2024-01-06 03:20:00,682.6,694.36,681.37,683.64,10934077,7469291199
2024-01-06 03:25:00,676.11,687.5,674.51,685.03,4655884,3168645323
2024-01-06 03:30:00,696.78,698.51,693.67,698.05,8146757,5681674298
2024-01-06 03:35:00,699.09,699.52,697.34,699.31,3248788,2271559688
2024-01-06 03:40:00,700.54,717.52,698.64,704.09,5173756,3633601819
2024-01-06 03:45:00,711.09,717.18,707.52,712.93,6420239,4571287473
2024-01-06 03:50:00,713.85,714.61,701.46,708.43,10295226,7321333674
2024-01-06 03:55:00,704.36,706.78,699.44,702.03,9399314,6609564269
2024-01-06 04:00:00,693.78,700.97,692.38,697.0,7245803,5038637387
2024-01-06 04:05:00,701.96,709.79,697.42,707.61,11531592,8127301707
2024-01-06 04:10:00,706.88,710.36,705.38,708.03,7571750,5356681048
2024-01-06 04:15:00,725.53,732.24,721.04,726.31,25025415,18166413678
2024-01-06 04:20:00,728.47,730.68,723.17,726.67,6381420,4642928390
2024-01-06 04:25:00,729.44,743.59,729.43,731.4,11415973,8338456957
2024-01-06 04:30:00,746.1,748.67,737.89,744.2,11208445,8351980615
2024-01-06 04:35:00,767.39,775.22,757.0,760.04,13684189,10450834581
2024-01-06 04:40:00,779.73,780.53,773.35,776.56,17543506,13651366555
2024-01-06 04:45:00,787.85,792.15,774.46,788.04,13865241,10925105459
2024-01-06 04:50:00,797.79,812.54,780.08,798.52,11390187,9091117222
2024-01-06 04:55:00,804.91,816.66,803.75,806.34,8895233,7166230432
2024-01-06 05:00:00,820.27,824.89,804.2,815.46,15782803,12908215181
2024-01-06 05:05:00,813.39,819.43,812.6,815.95,7003967,5705930050
2024-01-06 05:10:00,814.89,815.96,809.79,814.7,5391591,4393030526
2024-01-06 05:15:00,818.98,828.04,818.12,818.77,9195817,7530247990
2024-01-06 05:20:00,819.71,824.95,815.33,821.77,5252664,4311054183
2024-01-06 05:25:00,817.26,828.45,802.6,822.91,3416976,2802208702
2024-01-06 05:30:00,833.01,840.01,830.3,831.66,8773062,7302126992
2024-01-06 05:35:00,842.0,859.31,836.77,842.26,10228412,8613618208
2024-01-06 05:40:00,849.21,850.75,841.66,847.09,4059926,3443409106
2024-01-06 05:45:00,859.17,862.44,855.74,861.47,17639756,15175776906
2024-01-06 05:50:00,863.16,864.1,845.95,857.92,6066327,5220326477
2024-01-06 05:55:00,857.13,865.92,840.64,860.9,7272972,6247573511
2024-01-06 06:00:00,867.64,872.07,858.78,860.28,3077030,2658431388
2024-01-06 06:05:00,844.34,853.55,841.2,851.79,6722887,5701445174
2024-01-06 06:10:00,857.36,865.56,847.44,855.5,9971806,8540160504
2024-01-06 06:15:00,861.0,871.47,855.74,858.96,7782183,6692550676
2024-01-06 06:20:00,870.32,877.32,857.91,873.79,19665945,17149825922
2024-01-06 06:25:00,884.5,888.94,880.88,882.63,15031732,13281516307
2024-01-06 06:30:00,885.45,894.24,863.08,879.83,5745978,5071630286
2024-01-06 06:35:00,887.51,908.25,882.76,897.46,11920247,10638661656
2024-01-06 06:40:00,913.11,918.56,903.64,910.82,16830575,15348961494
2024-01-06 06:45:00,908.21,924.54,896.69,919.67,14738328,13469968435
2024-01-06 06:50:00,918.17,928.18,916.87,922.62,7456004,6862467532
2024-01-06 06:55:00,927.66,932.22,916.85,920.17,8200172,7576272572
2024-01-06 07:00:00,919.36,928.36,918.82,922.04,7712826,7101212759
2024-01-06 07:05:00,929.3,939.36,923.42,934.78,10145406,9455919381
2024-01-06 07:10:00,952.81,962.29,945.06,953.75,16161979,15406888595
2024-01-06 07:15:00,980.49,980.59,967.32,970.45,18235205,17787877278
2024-01-06 07:20:00,962.62,972.91,951.19,971.52,6595063,6377907153
2024-01-06 07:25:00,962.61,968.55,946.83,967.7,3633660,3507040980
2024-01-06 07:30:00,980.95,991.09,963.84,973.66,6752056,6598796265
2024-01-06 07:35:00,973.76,979.6,960.04,964.8,6166015,5976618208
2024-01-06 07:40:00,971.66,982.39,970.97,972.16,6449375,6268211787
2024-01-06 07:45:00,969.85,977.54,966.43,975.89,9720161,9456458532
2024-01-06 07:50:00,987.39,988.65,973.01,977.15,3029216,2975500372
2024-01-06 07:55:00,977.34,996.89,961.26,969.61,6386465,6217055756
2024-01-06 08:00:00,981.82,990.11,975.12,978.49,7740022,7586414976
2024-01-06 08:05:00,975.25,982.0,958.71,979.23,6003768,5867119581
2024-01-06 08:10:00,974.74,984.59,969.0,974.98,7418026,7231548647
2024-01-06 08:15:00,956.85,964.92,954.47,957.62,10043406,9613924922
2024-01-06 08:20:00,963.81,976.84,957.53,962.22,4912863,4731173680
2024-01-06 08:25:00,987.98,1001.18,980.55,980.87,10753767,10586263337
2024-01-06 08:30:00,1003.38,1013.2,992.63,998.98,14187100,14203835484
2024-01-06 08:35:00,994.95,1001.92,984.21,1000.34,4378655,4368340065
2024-01-06 08:40:00,1007.42,1010.36,992.06,1000.53,7379034,7408377598
2024-01-06 08:45:00,1010.92,1024.44,1005.54,1009.34,9042369,9133964658
2024-01-06 08:50:00,1009.8,1026.25,1006.25,1006.34,3625064,3654318818
2024-01-06 08:55:00,1021.28,1025.11,1005.89,1013.84,10711130,10899222684
2024-01-06 09:00:00,1019.5,1029.24,1013.47,1025.2,8761381,8957223785
2024-01-06 09:05:00,1040.33,1051.57,1026.35,1040.52,14319409,14898252595
2024-01-06 09:10:00,1042.13,1053.04,1039.28,1044.91,5539524,5780602778
2024-01-06 09:15:00,1040.23,1051.86,1024.27,1048.45,7164957,7482648136
2024-01-06 09:20:00,1048.16,1049.6,1033.57,1046.34,7640121,8001112222
2024-01-06 09:25:00,1057.79,1063.19,1035.02,1044.67,8284243,8708614829
2024-01-06 09:30:00,1038.37,1048.55,1031.27,1048.02,5023705,5240703838
2024-01-06 09:35:00,1056.21,1068.64,1053.98,1056.38,7493448,7915308724
2024-01-06 09:40:00,1072.9,1073.55,1058.24,1069.48,10761795,11527944113
2024-01-06 09:45:00,1068.63,1077.59,1067.84,1067.97,8144102,8700324328
2024-01-06 09:50:00,1085.62,1086.48,1078.08,1086.23,18886518,20509294744
2024-01-06 09:55:00,1082.25,1096.08,1080.4,1089.32,3788063,4113020746
2024-01-06 10:00:00,1095.88,1105.05,1081.19,1094.61,4689422,5136074021
2024-01-06 10:05:00,1089.42,1093.78,1079.58,1093.55,5457959,5957279358
2024-01-06 10:10:00,1066.14,1083.32,1057.84,1077.94,7395110,7927838446
2024-01-06 10:15:00,1097.56,1104.12,1083.43,1091.05,9337282,10217821708
2024-01-06 10:20:00,1108.3,1108.58,1099.81,1103.01,6777988,7494106208
2024-01-06 10:25:00,1106.35,1112.45,1090.83,1106.06,7249022,8018898668
2024-01-06 10:30:00,1113.49,1123.18,1109.03,1112.22,11268708,12540407651
2024-01-06 10:35:00,1128.46,1134.7,1111.43,1122.43,14323775,16120581715
2024-01-06 10:40:00,1115.3,1117.74,1103.57,1114.05,7653036,8530680814
2024-01-06 10:45:00,1119.96,1128.91,1109.72,1114.92,5923738,6619443618
2024-01-06 10:50:00,1125.99,1127.69,1116.21,1127.67,14489447,16327150818
2024-01-06 10:55:00,1129.38,1134.2,1121.75,1122.02,4637690,5220650509
2024-01-06 11:00:00,1132.12,1135.24,1124.52,1130.31,10326010,11680953575
2024-01-06 11:05:00,1124.82,1128.19,1110.39,1123.73,7198097,8092628557
2024-01-06 11:10:00,1126.4,1142.48,1119.78,1133.6,6617991,7478315091
2024-01-06 11:15:00,1140.6,1158.46,1126.22,1138.97,6647606,7576847286
2024-01-06 11:20:00,1125.3,1136.04,1105.91,1130.0,5157299,5815610002
2024-01-06 11:25:00,1142.65,1148.08,1142.37,1146.31,14542394,16643442833
2024-01-06 11:30:00,1140.65,1157.67,1135.52,1145.32,4088973,4673621748
2024-01-06 11:35:00,1137.54,1143.78,1124.53,1143.63,4653203,5307379191
2024-01-06 11:40:00,1163.46,1181.14,1140.27,1151.23,5160280,5972211507
2024-01-06 11:45:00,1175.47,1185.09,1161.46,1167.69,16513487,19346866648
2024-01-06 11:50:00,1175.24,1190.69,1163.8,1164.06,6514035,7619148986
2024-01-06 11:55:00,1163.33,1174.15,1150.64,1170.49,8312338,9699759948
2024-01-06 12:00:00,1180.83,1191.86,1174.16,1180.41,9861807,11643088479
2024-01-06 12:05:00,1185.23,1199.85,1177.42,1192.94,9358674,11128252950
2024-01-06 12:10:00,1196.45,1206.82,1186.51,1200.63,5687077,6816201151
2024-01-06 12:15:00,1197.6,1229.49,1189.77,1203.13,7518303,9024701643
2024-01-06 12:20:00,1208.64,1220.11,1197.38,1201.19,3639494,4385280499
2024-01-06 12:25:00,1205.67,1222.95,1204.03,1208.06,4740917,5721642741
2024-01-06 12:30:00,1210.19,1215.55,1195.61,1203.76,8207555,9906333730
2024-01-06 12:35:00,1185.43,1187.84,1176.12,1181.86,10050696,11896504771
2024-01-06 12:40:00,1205.69,1212.96,1184.76,1191.96,7464668,8948824060
2024-01-06 12:45:00,1197.72,1210.34,1196.74,1206.64,10846484,13039433551
2024-01-06 12:50:00,1197.49,1208.27,1176.22,1190.0,11340442,13537587774
2024-01-06 12:55:00,1193.16,1209.79,1180.08,1186.36,7895233,9393402031
2024-01-06 13:00:00,1192.41,1202.16,1177.4,1198.24,11215087,13405641784
2024-01-06 13:05:00,1230.41,1233.13,1213.94,1224.25,18008501,22102334193
2024-01-06 13:10:00,1232.67,1233.79,1220.81,1230.6,9213993,11348287219
2024-01-06 13:15:00,1228.21,1234.12,1225.7,1229.6,4284663,5265441871
2024-01-06 13:20:00,165.48,166.42,165.31,166.17,827046585,137143511554
2024-01-06 13:25:00,169.94,170.69,169.24,170.55,16901127,2877282771
2024-01-06 13:30:00,174.01,174.3,171.57,172.24,8022088,1388807568
2024-01-06 13:35:00,173.74,175.08,172.56,173.74,13842633,2404962414
2024-01-06 13:40:00,176.38,176.97,175.26,175.69,13912949,2449119179
2024-01-06 13:45:00,176.3,177.31,175.26,176.99,5786139,1022092529
2024-01-06 13:50:00,179.15,181.68,177.87,179.85,6577516,1180680053
2024-01-06 13:55:00,185.97,186.53,184.02,184.97,10322386,1914461198
2024-01-06 14:00:00,186.98,189.61,186.42,188.26,10276345,1928046308
2024-01-06 14:05:00,190.33,190.78,190.25,190.72,7070113,1347025546
2024-01-06 14:10:00,193.19,194.21,192.8,193.16,11729991,2265958929
2024-01-06 14:15:00,193.76,196.5,187.94,193.65,8509243,1648272092
2024-01-06 14:20:00,197.8,199.62,196.52,197.98,19851369,3928366756
2024-01-06 14:25:00,201.25,201.4,200.22,200.85,8735760,1756331958
2024-01-06 14:30:00,204.31,205.14,201.15,203.6,10608923,2163729490
2024-01-06 14:35:00,212.81,217.16,210.2,212.03,25490881,5414851264
2024-01-06 14:40:00,214.7,216.05,214.42,215.76,17967912,3867225361
2024-01-06 14:45:00,217.41,218.28,214.81,217.72,12737232,2771141484
2024-01-06 14:50:00,221.58,222.27,217.95,220.26,15243800,3367675208
2024-01-06 14:55:00,226.67,226.95,224.95,225.66,17270789,3906114697
2024-01-06 15:00:00,227.72,229.88,226.26,229.29,15491987,3539980173
2024-01-06 15:05:00,230.51,233.79,229.17,230.1,4139248,953286366
2024-01-06 15:10:00,232.98,237.08,231.49,235.31,17253113,4039794440
2024-01-06 15:15:00,237.66,238.57,236.21,237.6,7371784,1751773253
2024-01-06 15:20:00,247.17,250.56,239.51,244.85,18645507,4586943383
2024-01-06 15:25:00,249.52,250.91,247.84,250.71,19096264,4776335483
2024-01-06 15:30:00,252.54,254.27,250.32,253.6,8122087,2055484571
2024-01-06 15:35:00,261.09,263.08,259.07,260.1,9742125,2538734453
2024-01-06 15:40:00,262.14,265.89,258.77,264.18,6526002,1717395111
2024-01-06 15:45:00,269.17,270.81,268.31,270.02,8317944,2242453057
2024-01-06 15:50:00,276.0,277.63,272.81,275.18,7349582,2025440691
2024-01-06 15:55:00,276.58,279.38,274.69,277.46,5574598,1544273917
2024-01-06 16:00:00,279.89,280.56,277.73,280.22,7353917,2059478514
2024-01-06 16:05:00,287.88,288.57,285.2,286.82,12000145,3448242064
2024-01-06 16:10:00,291.0,292.82,286.08,290.38,16621933,4831818393
2024-01-06 16:15:00,294.22,295.89,292.85,293.83,8788854,2584174293
2024-01-06 16:20:00,295.51,300.95,292.92,296.01,5457498,1614126227
2024-01-06 16:25:00,302.08,304.51,300.65,301.52,14860782,4484954142
2024-01-06 16:30:00,310.99,312.03,307.42,311.18,28203278,8773576284
2024-01-06 16:35:00,313.93,314.51,308.63,313.21,9717425,3047061039
2024-01-06 16:40:00,317.23,320.02,311.98,318.02,10043112,3189895893
2024-01-06 16:45:00,326.2,327.96,325.97,326.5,19287101,6294396034
2024-01-06 16:50:00,329.6,338.74,328.43,331.24,14821524,4897293299
2024-01-06 16:55:00,337.42,341.14,337.4,337.48,17596630,5937906499
2024-01-06 17:00:00,338.31,341.76,335.75,339.69,9646366,3270120701
2024-01-06 17:05:00,344.09,350.84,342.57,346.02,19509408,6731830192
2024-01-06 17:10:00,351.19,352.9,345.48,350.74,16126442,5659787865
2024-01-06 17:15:00,359.25,363.76,353.0,358.87,17761148,6377321617
2024-01-06 17:20:00,369.22,373.5,364.85,367.78,16057077,5917089904
2024-01-06 17:25:00,380.35,384.03,377.13,381.17,26115762,9943852761
2024-01-06 17:30:00,389.54,390.09,385.31,388.75,19558746,7611122970
2024-01-06 17:35:00,396.75,397.02,394.45,395.66,6989114,2769155413
2024-01-06 17:40:00,403.18,403.6,402.08,402.28,19838090,7989437354
2024-01-06 17:45:00,405.55,410.9,403.98,407.23,7584308,3082165908
2024-01-06 17:50:00,414.83,417.73,410.93,414.52,13460004,5581507401
2024-01-06 17:55:00,420.57,423.28,418.69,419.81,15554963,6536010696
2024-01-06 18:00:00,426.76,430.21,421.55,426.74,9565197,4081937414
2024-01-06 18:05:00,433.23,437.95,425.83,437.8,17376393,7567658274
2024-01-06 18:10:00,441.22,446.09,438.19,440.87,5372284,2369408871
2024-01-06 18:15:00,456.64,459.1,448.61,451.65,15286392,6942222336
2024-01-06 18:20:00,462.51,463.55,457.43,463.35,12044382,5575684978
2024-01-06 18:25:00,468.21,473.39,467.68,469.92,10403711,4880028774
2024-01-06 18:30:00,469.89,469.92,466.49,469.01,5213378,2447419252
2024-01-06 18:35:00,474.55,480.16,471.3,473.81,15062373,7142255275
2024-01-06 18:40:00,488.9,490.81,482.53,486.0,26468318,12902067798
2024-01-06 18:45:00,490.17,498.95,487.66,493.28,7640148,3756860819
2024-01-06 18:50:00,498.58,501.35,492.67,496.76,10447200,5199280901
2024-01-06 18:55:00,503.74,506.63,500.31,502.26,5793160,2913956616
2024-01-06 19:00:00,512.94,520.41,512.93,513.31,8420126,4320585211
2024-01-06 19:05:00,524.26,529.85,523.2,523.37,8901877,4662918182
2024-01-06 19:10:00,533.01,543.66,527.1,530.28,16945511,9009074922
2024-01-06 19:15:00,539.08,539.28,528.09,536.74,15923702,8565557320
2024-01-06 19:20:00,540.06,545.96,538.62,543.17,7599733,4116145219
2024-01-06 19:25:00,549.59,562.01,546.08,547.34,5842008,3204149873
2024-01-06 19:30:00,562.68,568.8,558.91,562.87,14055577,7910112916
2024-01-06 19:35:00,570.13,570.22,566.54,569.92,11404100,6500627259
2024-01-06 19:40:00,584.43,585.27,583.22,584.22,18599415,10868096074
2024-01-06 19:45:00,599.88,606.79,582.6,600.33,13424568,8056162550
2024-01-06 19:50:00,617.97,619.75,610.87,614.31,20749406,12784622610
2024-01-06 19:55:00,621.21,623.95,616.86,621.47,8736953,5428633514
2024-01-06 20:00:00,629.39,637.75,626.7,632.93,20100002,12686263858
2024-01-06 20:05:00,641.13,644.15,637.0,642.39,14368826,9221368151
2024-01-06 20:10:00,648.01,653.23,646.32,647.43,8337261,5400200527
2024-01-06 20:15:00,663.0,663.25,650.82,658.95,17821726,11779653614
2024-01-06 20:20:00,664.65,667.65,657.38,662.65,10283210,6824448408
2024-01-06 20:25:00,676.22,687.23,671.34,679.11,13651233,9251009895
2024-01-06 20:30:00,695.38,702.36,684.1,686.84,8951632,6186575791
2024-01-06 20:35:00,699.3,702.08,695.34,698.37,19131856,13370028511
2024-01-06 20:40:00,715.09,722.35,709.23,710.56,9075010,6468930468
2024-01-06 20:45:00,719.29,720.81,718.16,719.84,6225609,4479722789
2024-01-06 20:50:00,736.14,736.54,731.77,734.18,14182578,10426464324
2024-01-06 20:55:00,745.6,756.01,738.93,742.48,13817785,10280940745
2024-01-06 21:00:00,763.62,765.65,749.93,759.0,20351758,15494031617
2024-01-06 21:05:00,766.28,772.7,761.27,762.25,10128178,7740589656
2024-01-06 21:10:00,777.96,788.61,770.75,774.58,13456731,10446036985
2024-01-06 21:15:00,797.35,801.95,788.06,798.61,12166018,9708218347
2024-01-06 21:20:00,801.95,806.82,795.33,804.25,9272877,7447008395
2024-01-06 21:25:00,813.37,818.22,802.86,812.02,12538270,10189741398
2024-01-06 21:30:00,831.58,832.28,824.77,827.71,8647418,7174294777
2024-01-06 21:35:00,840.53,845.59,834.81,841.46,8904049,7488263991
2024-01-06 21:40:00,861.17,861.35,850.5,856.61,7131760,6125423563
2024-01-06 21:45:00,879.34,880.87,865.23,873.0,15831217,13870860508
2024-01-06 21:50:00,886.66,891.16,882.0,890.74,20881006,18556932461
2024-01-06 21:55:00,908.48,916.71,901.25,912.3,19851635,18072726806
2024-01-06 22:00:00,928.51,931.71,922.85,929.16,20982829,19489613807
2024-01-06 22:05:00,942.87,958.6,939.16,941.42,6505159,6128806815
2024-01-06 22:10:00,958.32,968.33,946.24,960.84,21338372,20475901406
2024-01-06 22:15:00,997.03,999.42,989.96,990.34,26436852,26269915270
2024-01-06 22:20:00,1006.41,1012.63,998.44,1004.28,9761340,9813475012
2024-01-06 22:25:00,1011.77,1027.14,1004.47,1011.57,12702800,12851101979
2024-01-06 22:30:00,1028.6,1036.76,1025.86,1036.04,13353275,13784822807
2024-01-06 22:35:00,1043.81,1059.43,1032.68,1050.72,16723439,17513878097
2024-01-06 22:40:00,1049.73,1056.93,1046.19,1048.26,8521816,8939371388
2024-01-06 22:45:00,1059.96,1074.79,1057.13,1071.38,20007425,21321334730
2024-01-06 22:50:00,1088.45,1091.89,1071.71,1082.97,11036148,11982052788
2024-01-06 22:55:00,1097.71,1102.32,1091.85,1098.58,7537165,8276907841
2024-01-06 23:00:00,1136.32,1140.42,1111.8,1118.19,14289421,16107850259
2024-01-06 23:05:00,1149.98,1152.39,1126.15,1136.86,11378936,13010945436
2024-01-06 23:10:00,1159.6,1165.82,1156.83,1160.66,19844065,23021723649
2024-01-06 23:15:00,1173.52,1192.04,1161.92,1174.15,13558671,15915621740
2024-01-06 23:20:00,1202.8,1206.97,1195.19,1196.84,20554345,24661452356
2024-01-06 23:25:00,1222.78,1239.62,1198.5,1212.45,5910564,7196786066
2024-01-06 23:30:00,1227.98,1245.72,1226.35,1238.12,20257114,24977989926
2024-01-06 23:35:00,1251.8,1269.18,1251.67,1263.08,21548545,27095979637
2024-01-06 23:40:00,1268.7,1277.22,1252.08,1272.66,11316244,14379304861
2024-01-06 23:45:00,1307.01,1319.71,1288.29,1303.21,10626796,13869151576
2024-01-06 23:50:00,1320.57,1343.9,1303.75,1317.3,6030737,7954144139
2024-01-06 23:55:00,1353.13,1355.62,1328.53,1345.93,8203848,11071327488
2024-01-07 00:00:00,1362.12,1371.83,1358.06,1370.34,15788827,21571201601
2024-01-07 00:05:00,1395.36,1412.31,1393.51,1411.71,22448325,31507079110
2024-01-07 00:10:00,1436.68,1438.34,1412.89,1430.54,17285272,24780346412
2024-01-07 00:15:00,1442.17,1448.66,1439.36,1448.16,9987613,14433752040
2024-01-07 00:20:00,1455.04,1481.9,1450.34,1469.88,10349844,15136227719
2024-01-07 00:25:00,1489.61,1491.88,1488.51,1488.53,12712835,18930331314
2024-01-07 00:30:00,1526.82,1533.83,1519.35,1520.79,20836665,31750962529
2024-01-07 00:35:00,1523.06,1527.42,1502.7,1523.99,8697589,13251035101
2024-01-07 00:40:00,1530.59,1541.21,1497.4,1534.1,10821230,16581834720
2024-01-07 00:45:00,1542.87,1561.54,1536.45,1544.1,7642822,11796545398
2024-01-07 00:50:00,1576.53,1587.39,1573.88,1579.45,18521831,29227252033
2024-01-07 00:55:00,1614.52,1626.76,1606.57,1625.48,26259650,42540586250
2024-01-07 01:00:00,1642.83,1653.19,1633.51,1648.73,11987367,19728571312
2024-01-07 01:05:00,1675.8,1689.11,1669.57,1671.45,8488085,14205875503
2024-01-07 01:10:00,1700.45,1700.73,1689.15,1697.72,8571794,14564234189
2024-01-07 01:15:00,1741.0,1761.42,1731.2,1739.54,8585862,14941722538
2024-01-07 01:20:00,1744.12,1777.65,1738.74,1752.84,10731926,18764585567
2024-01-07 01:25:00,1781.18,1788.03,1769.64,1782.8,8232868,14670877420
2024-01-07 01:30:00,1804.13,1829.59,1783.65,1823.98,12213531,22156034765
2024-01-07 01:35:00,1860.72,1863.73,1854.69,1859.06,11587696,21551798856
2024-01-07 01:40:00,1903.59,1903.86,1879.05,1890.09,14078794,26705220452
2024-01-07 01:45:00,1919.9,1949.26,1898.52,1934.15,14836931,28591138614
2024-01-07 01:50:00,1915.82,1922.15,1915.49,1921.45,9742901,18693097133
2024-01-07 01:55:00,1964.4,1983.78,1956.2,1961.17,8462542,16610149443
2024-01-07 02:00:00,1992.9,2015.08,1967.66,1980.5,6178554,12274922433
2024-01-07 02:05:00,1976.83,2002.77,1965.37,1981.27,5192168,10275573322
2024-01-07 02:10:00,2012.54,2022.7,2011.67,2019.53,12189226,24573950193
2024-01-07 02:15:00,2052.38,2090.07,2050.32,2072.79,14335329,29567804242
2024-01-07 02:20:00,2102.97,2112.56,2085.8,2101.88,6786760,14268634125
2024-01-07 02:25:00,2172.0,2177.76,2110.19,2150.05,22792506,49255256063
2024-01-07 02:30:00,2214.03,2223.22,2186.07,2210.96,22606307,50016352279
2024-01-07 02:35:00,2267.94,2283.68,2244.39,2268.2,11051410,25065368084
2024-01-07 02:40:00,2336.73,2337.28,2308.44,2332.97,10780316,25170404601
2024-01-07 02:45:00,2382.29,2392.27,2368.69,2382.42,22841803,54417257065
2024-01-07 02:50:00,2410.14,2438.97,2390.36,2419.98,15143259,36571844869
2024-01-07 02:55:00,2435.34,2462.71,2413.58,2425.36,5606513,13625795308
2024-01-07 03:00:00,2460.04,2462.15,2428.41,2457.26,13861423,34080407689
2024-01-07 03:05:00,2477.94,2484.26,2477.12,2477.72,11490172,28470728139
2024-01-07 03:10:00,2546.85,2572.16,2493.9,2559.33,27138485,69286976362
2024-01-07 03:15:00,2611.36,2613.03,2558.67,2594.45,11553868,30073661955
2024-01-07 03:20:00,2645.12,2649.46,2621.73,2636.36,12099277,31951059301
2024-01-07 03:25:00,2680.71,2723.05,2655.69,2688.14,7524754,20199616044
2024-01-07 03:30:00,2743.49,2784.94,2710.35,2729.82,18107584,49554220630
2024-01-07 03:35:00,2802.02,2812.7,2797.44,2809.01,21292740,59737180758
2024-01-07 03:40:00,2826.31,2853.24,2819.74,2837.4,7051367,19968461966
2024-01-07 03:45:00,2873.92,2904.18,2863.71,2884.88,18876788,54353877809
2024-01-07 03:50:00,2885.47,2918.42,2866.64,2911.25,13511063,39159896023
2024-01-07 03:55:00,2931.21,2961.76,2910.22,2924.31,10779767,31560563806
2024-01-07 04:00:00,2927.08,2964.81,2902.72,2954.13,13839113,40695323116
2024-01-07 04:05:00,2979.58,3006.53,2955.29,2998.0,18528566,55377966755
2024-01-07 04:10:00,3001.51,3033.69,2996.04,3032.98,8043793,24270106874
2024-01-07 04:15:00,3060.61,3079.03,3037.6,3061.93,13085742,40059002667
2024-01-07 04:20:00,3071.24,3103.85,3061.75,3073.55,9120331,28021236540
2024-01-07 04:25:00,3112.95,3135.12,3087.67,3118.04,8907513,27751314215
2024-01-07 04:30:00,3111.11,3138.85,3108.42,3127.41,3889793,12133268243
2024-01-07 04:35:00,3175.44,3247.77,3109.21,3194.16,23018334,73308693906
2024-01-07 04:40:00,3252.22,3255.82,3239.67,3244.69,10227766,33224468559
2024-01-07 04:45:00,3246.71,3271.06,3245.16,3255.67,9169334,29811215708
2024-01-07 04:50:00,3302.04,3304.87,3294.03,3296.83,5687542,18765686849
2024-01-07 04:55:00,3311.98,3378.39,3295.08,3326.7,4955035,16447447242
2024-01-07 05:00:00,3388.81,3436.17,3384.17,3385.74,13324672,45134301559
2024-01-07 05:05:00,3496.73,3499.38,3442.75,3474.09,13208660,46037642941
2024-01-07 05:10:00,3484.4,3529.71,3471.05,3474.22,5970751,20774101362
2024-01-07 05:15:00,3522.83,3600.89,3500.46,3530.11,13829854,48770511232
2024-01-07 05:20:00,3583.61,3592.13,3552.52,3579.0,6859529,24566062877
2024-01-07 05:25:00,3648.4,3656.87,3635.26,3652.8,10074704,36778688468
2024-01-07 05:30:00,3714.62,3723.08,3712.27,3714.47,11874624,44108796492
2024-01-07 05:35:00,3742.03,3751.32,3706.3,3748.13,6520725,24420645198
2024-01-07 05:40:00,3792.1,3889.29,3751.44,3795.22,14527914,55114003154
2024-01-07 05:45:00,3832.33,3840.24,3818.47,3828.27,8551234,32753765245
2024-01-07 05:50:00,3900.4,3935.86,3895.9,3919.87,9983200,39035640108
2024-01-07 05:55:00,3959.72,4000.61,3901.63,3979.94,12406700,49252478533
2024-01-07 06:00:00,4073.68,4111.85,4046.51,4102.16,11889767,48604387682
2024-01-07 06:05:00,4128.99,4170.22,4106.53,4162.29,7720931,32008184889
2024-01-07 06:10:00,4175.9,4215.27,4149.31,4201.48,7163246,30004612519
2024-01-07 06:15:00,4217.15,4278.52,4207.33,4213.79,8787904,37045186458
2024-01-07 06:20:00,4197.55,4256.08,4192.16,4216.38,7559333,31801853932
2024-01-07 06:25:00,4237.21,4241.85,4207.58,4226.36,8199261,34697506986
2024-01-07 06:30:00,4300.32,4379.59,4284.85,4299.57,11332860,48730662741
2024-01-07 06:35:00,4339.38,4395.17,4279.56,4382.51,11241951,49025550271
2024-01-07 06:40:00,4407.38,4502.69,4335.38,4392.99,6498506,28594633854
2024-01-07 06:45:00,4509.81,4518.13,4422.51,4491.6,19670553,88531308693
2024-01-07 06:50:00,4519.49,4582.15,4498.63,4542.06,15809669,71630118931
2024-01-07 06:55:00,4626.0,4679.36,4609.73,4616.3,8277346,38250855492
2024-01-07 07:00:00,4726.75,4755.39,4720.88,4747.08,10418794,49352909524
2024-01-07 07:05:00,4856.07,4888.77,4838.23,4853.7,19236480,93390899312
2024-01-07 07:10:00,4885.58,5012.45,4880.98,4916.67,15246890,74726884245
2024-01-07 07:15:00,4911.27,4982.83,4905.32,4955.7,12055244,59474377728
2024-01-07 07:20:00,4935.46,4977.16,4912.6,4944.92,7175033,35446042680
2024-01-07 07:25:00,4987.96,4998.08,4952.19,4991.05,14019887,69952299559
2024-01-07 07:30:00,5048.06,5108.69,5029.94,5058.12,11802748,59640350539
2024-01-07 07:35:00,5064.2,5105.17,5054.71,5094.36,12116504,61543168622
2024-01-07 07:40:00,5155.79,5167.52,5131.09,5166.12,17604599,90856587199
2024-01-07 07:45:00,5254.69,5265.98,5211.8,5247.62,17278917,90734247676
2024-01-07 07:50:00,5316.36,5364.98,5295.34,5317.55,9408886,50026649315
2024-01-07 07:55:00,5375.02,5426.49,5357.93,5370.12,6905614,37100926879
2024-01-07 08:00:00,5440.56,5484.92,5398.67,5458.85,13828283,75360044904
2024-01-07 08:05:00,5593.76,5668.7,5509.33,5561.18,13615302,75938998803
2024-01-07 08:10:00,5563.5,5601.29,5560.88,5596.41,11238651,62711165286
2024-01-07 08:15:00,5759.7,5761.28,5735.54,5745.69,10898091,62693407574
2024-01-07 08:20:00,5862.59,5870.12,5819.24,5828.15,9187177,53702441846
2024-01-07 08:25:00,5931.57,5996.21,5862.92,5917.34,15765400,93401462008
2024-01-07 08:30:00,6035.01,6052.56,6025.67,6041.13,9134029,55151919224
2024-01-07 08:35:00,6127.88,6149.99,6091.38,6144.11,11040645,67745379947
2024-01-07 08:40:00,6317.5,6373.26,6252.67,6284.95,14488439,91294906341
2024-01-07 08:45:00,6349.34,6436.82,6335.62,6394.84,15342819,97765862175
2024-01-07 08:50:00,6428.67,6469.53,6417.47,6460.0,6626768,42705116369
2024-01-07 08:55:00,6563.8,6598.97,6520.5,6576.87,19000584,124840226998
2024-01-07 09:00:00,6656.65,6758.08,6578.48,6615.71,7527173,49951677608
2024-01-07 09:05:00,6734.55,6812.37,6717.6,6721.78,18354732,123493639088
2024-01-07 09:10:00,6788.79,6888.81,6773.81,6821.81,11987917,81581392027
2024-01-07 09:15:00,6902.92,6946.35,6882.95,6913.65,9057375,62570939846
2024-01-07 09:20:00,6989.65,7031.29,6986.13,7011.19,7704928,53937723234
2024-01-07 09:25:00,6986.18,7078.18,6961.15,7011.07,2523057,17657930212
2024-01-07 09:30:00,7120.8,7205.88,7048.81,7086.12,10655887,75693652932
2024-01-07 09:35:00,7149.45,7321.15,7126.84,7198.83,7826357,56147368232
2024-01-07 09:40:00,7376.11,7418.65,7224.0,7317.25,11733552,86202629544
2024-01-07 09:45:00,7397.8,7430.07,7280.94,7367.29,9158702,67614567710
2024-01-07 09:50:00,7596.24,7774.13,7501.15,7555.03,13637821,103315162570
2024-01-07 09:55:00,7598.91,7677.13,7594.67,7616.54,6113546,46510168084
2024-01-07 10:00:00,7786.3,7849.58,7745.77,7792.14,20901133,162803460395
2024-01-07 10:05:00,7880.4,7973.18,7859.81,7937.28,20584329,162798160845
2024-01-07 10:10:00,7994.96,8031.58,7866.89,8015.99,5964707,47750312182
2024-01-07 10:15:00,8274.21,8305.33,8233.53,8253.84,12862708,106297728533
2024-01-07 10:20:00,8353.05,8393.96,8275.35,8299.26,11306702,94141346085
2024-01-07 10:25:00,8440.2,8553.63,8403.65,8487.19,8709637,73715713035
2024-01-07 10:30:00,8669.15,8781.01,8599.75,8685.02,24412150,211826305301
2024-01-07 10:35:00,8762.8,8895.59,8702.86,8769.44,4963842,43513628940
2024-01-07 10:40:00,8939.2,9162.16,8852.96,9002.03,24847822,222900241478
2024-01-07 10:45:00,9147.12,9185.03,9055.52,9120.16,9299264,84936129537
2024-01-07 10:50:00,9246.15,9302.09,9035.34,9279.75,19670647,182208214702
2024-01-07 10:55:00,9430.76,9487.67,9389.68,9439.98,11077847,104523620886
2024-01-07 11:00:00,9551.09,9667.94,9394.13,9572.72,13830392,132244890020
2024-01-07 11:05:00,9742.4,9877.09,9730.87,9781.0,9142490,89246213635
2024-01-07 11:10:00,9992.07,10019.19,9878.86,9992.42,11649197,116401643645
2024-01-07 11:15:00,9992.13,10146.47,9940.75,10002.91,7036656,70349117856
2024-01-07 11:20:00,10241.91,10307.5,10204.31,10260.98,18244934,187036923151
2024-01-07 11:25:00,10241.39,10328.15,10158.02,10278.83,8380506,85984909528
2024-01-07 11:30:00,10537.92,10593.32,10448.72,10521.12,15462765,162815500722
2024-01-07 11:35:00,10866.34,10926.99,10707.37,10777.23,23321901,252384552529
2024-01-07 11:40:00,10853.03,10909.77,10745.2,10845.45,7738666,83958646126
2024-01-07 11:45:00,11028.3,11062.4,10909.99,10973.64,16087623,176979496961
2024-01-07 11:50:00,10965.05,11097.94,10831.12,11041.8,11818787,130047166399
2024-01-07 11:55:00,11198.67,11217.33,11019.53,11189.84,9666998,108214870884
2024-01-07 12:00:00,11269.25,11364.09,11010.94,11331.43,15642449,176764986559
2024-01-07 12:05:00,11489.61,11659.41,11406.7,11575.08,21073190,243023299648
2024-01-07 12:10:00,11830.38,11995.03,11563.09,11874.28,12621706,149596670093
2024-01-07 12:15:00,12262.18,12358.32,12155.0,12189.54,20351378,248813077565
2024-01-07 12:20:00,12377.21,12537.4,12260.31,12318.7,5881518,72624718931
2024-01-07 12:25:00,12499.6,12537.67,12451.76,12484.43,15615333,195066922509
2024-01-07 12:30:00,12408.22,12585.81,12350.44,12504.04,3902277,48607277113
2024-01-07 12:35:00,12599.55,12644.34,12559.33,12611.92,5305903,66884812454
2024-01-07 12:40:00,12921.68,13170.16,12765.96,12902.22,14743971,190373398088
2024-01-07 12:45:00,13279.73,13427.66,13242.74,13268.08,20441197,271334534341
2024-01-07 12:50:00,13213.81,13408.49,13077.91,13336.76,10272169,136365979342
2024-01-07 12:55:00,13414.83,13636.56,13408.7,13474.81,14961998,201161357850
2024-01-07 13:00:00,13671.7,13837.87,13656.21,13676.08,11662083,159466053297
2024-01-07 13:05:00,13951.75,14138.4,13861.54,13914.44,7644183,106507152648
2024-01-07 13:10:00,13879.97,14116.86,13749.98,14034.07,11592270,161793553902
2024-01-07 13:15:00,14283.53,14390.52,14094.39,14295.12,15141481,216361553644
2024-01-07 13:20:00,14467.14,14729.41,14389.2,14456.8,10069866,145630127402
2024-01-07 13:25:00,14736.48,14777.83,14642.67,14674.14,10084289,148292621933
2024-01-07 13:30:00,15013.55,15040.9,14941.77,14961.72,14739201,220905772963
2024-01-07 13:35:00,15233.43,15320.63,15060.39,15189.19,10520804,160035215910
2024-01-07 13:40:00,15304.13,15537.57,15157.92,15365.59,13542107,207666289327
2024-01-07 13:45:00,15436.04,15774.27,15310.99,15584.72,12610609,195595380370
2024-01-07 13:50:00,15778.6,15866.71,15534.29,15809.67,16749828,264549050114
2024-01-07 13:55:00,16081.91,16211.43,15931.47,16001.77,11519423,184792731502
2024-01-07 14:00:00,16323.56,16528.74,16038.08,16210.62,8477919,137911080971
2024-01-07 14:05:00,16727.26,16871.99,16651.96,16668.04,25553721,426687137541
2024-01-07 14:10:00,17033.17,17038.29,16814.46,16996.68,15607169,265554845239
2024-01-07 14:15:00,17246.14,17396.78,17146.58,17213.47,8013369,138068774741
2024-01-07 14:20:00,17523.11,17581.85,17314.54,17571.97,17197101,301766879133
2024-01-07 14:25:00,17779.07,18149.62,17619.03,17790.64,9592291,170597473682
2024-01-07 14:30:00,18382.62,18404.97,18173.77,18230.48,23138962,423594539052
2024-01-07 14:35:00,18474.02,18718.92,18300.54,18561.5,13343685,247095193515
2024-01-07 14:40:00,18978.57,19114.26,18658.99,18826.56,14827171,280271554554
2024-01-07 14:45:00,19149.5,19239.91,19138.61,19180.38,8521923,163322166034
2024-01-07 14:50:00,19355.26,19382.53,19214.66,19227.83,5586973,107781327475
2024-01-07 14:55:00,19207.93,19792.7,19165.15,19344.0,11883325,229062539152
2024-01-07 15:00:00,19507.39,19768.22,19330.16,19450.41,10131534,197351176547
2024-01-07 15:05:00,19694.88,19910.25,19571.49,19767.7,8639000,170458640093
2024-01-07 15:10:00,20203.29,20429.6,20149.14,20347.28,15126621,306696579725
2024-01-07 15:15:00,21050.56,21065.16,20932.58,21027.59,17794568,374381231135
2024-01-07 15:20:00,21563.71,21780.66,21419.01,21455.42,17337160,372914757979
2024-01-07 15:25:00,21775.55,21938.97,21681.1,21867.94,18254297,398340614222
2024-01-07 15:30:00,21717.69,21922.82,21658.99,21881.7,6640691,144765054461
2024-01-07 15:35:00,22106.85,22275.1,22106.46,22117.01,10450279,231075826833
2024-01-07 15:40:00,22301.3,22453.46,22252.3,22311.05,12279323,273904738345
2024-01-07 15:45:00,22598.67,22937.36,22454.44,22536.88,9403959,212226402547
2024-01-07 15:50:00,22956.07,23074.68,22721.63,22847.59,7390627,169258850405
2024-01-07 15:55:00,23099.46,23309.48,23013.03,23106.32,11315479,261420281289
2024-01-07 16:00:00,23302.12,23535.57,22845.85,23087.92,7840107,181851429651
2024-01-07 16:05:00,23604.82,23635.28,23357.48,23578.38,20054897,473127159083
2024-01-07 16:10:00,23689.99,23853.38,23451.84,23731.09,8875360,210439563091
2024-01-07 16:15:00,23942.31,24152.63,23695.38,24136.8,15454105,371509791576
2024-01-07 16:20:00,24879.74,25261.7,24816.41,24912.45,29777331,741339291208
2024-01-07 16:25:00,25062.36,25277.45,24941.91,25104.58,8207718,205878048459
2024-01-07 16:30:00,25094.17,25229.16,24793.2,24974.26,6320551,158230044545
2024-01-07 16:35:00,25353.2,25387.0,25265.98,25294.71,16803297,425525935058
2024-01-07 16:40:00,25752.36,26149.87,25687.73,25905.12,23073051,595947780139
2024-01-07 16:45:00,26735.86,26822.12,26395.59,26712.85,16750736,447652662752
2024-01-07 16:50:00,26942.32,27150.68,26721.49,26852.16,7325309,197030559346
2024-01-07 16:55:00,27576.62,27752.24,27072.85,27367.53,13273751,364657496023
2024-01-07 17:00:00,27801.78,27824.67,27640.28,27678.96,6917773,191901568966
2024-01-07 17:05:00,28181.32,28703.02,27769.03,28074.52,17632329,495960749199
2024-01-07 17:10:00,29117.96,29507.78,29065.04,29109.21,20886153,608070807530
2024-01-07 17:15:00,29253.76,29357.15,28998.63,29197.08,8949150,261542664693
2024-01-07 17:20:00,29885.22,30178.59,29172.55,29699.67,9329578,277950974438
2024-01-07 17:25:00,30061.01,30645.34,29479.32,30262.68,15078410,454792659776
2024-01-07 17:30:00,30935.07,31297.76,30564.97,30989.21,8835006,273550678008
2024-01-07 17:35:00,31361.79,32045.45,31290.38,31483.4,16322008,512879869495
2024-01-07 17:40:00,32100.02,32439.22,31533.8,32039.28,14863646,476671870429
2024-01-07 17:45:00,32622.4,32823.72,32348.25,32422.96,12327685,400929394787
2024-01-07 17:50:00,32886.7,32985.45,32506.81,32985.15,7500813,247046216616
2024-01-07 17:55:00,32994.01,33805.7,32876.59,33393.11,7925253,263067375208
2024-01-07 18:00:00,33997.83,34202.38,33885.89,34068.04,8617883,293291844993
2024-01-07 18:05:00,34639.6,34870.6,34222.41,34482.11,8709894,301021353626
2024-01-07 18:10:00,35204.69,35373.99,34795.45,35110.31,15814810,556009241304
2024-01-07 18:15:00,35710.22,36043.31,35404.29,35633.93,13222567,471676455881
2024-01-07 18:20:00,36450.07,36987.88,36165.52,36501.17,18932124,690561007079
2024-01-07 18:25:00,36802.11,37481.89,36799.5,37038.98,12919663,477000980367
2024-01-07 18:30:00,37166.11,37206.72,36650.8,37070.6,4194969,155710345680
2024-01-07 18:35:00,37855.53,38021.82,37559.38,38014.1,13078378,496125828762
2024-01-07 18:40:00,38729.83,38951.85,38228.59,38311.45,5667198,218304105925
2024-01-07 18:45:00,38799.4,39050.7,38258.88,38689.04,13360835,517655130272
2024-01-07 18:50:00,38975.03,39254.53,38553.46,39088.51,11316804,441714903760
2024-01-07 18:55:00,39996.83,40394.89,39325.07,40119.47,12368559,495461568096
2024-01-07 19:00:00,40018.79,40076.84,40005.58,40037.4,4079441,163292245917
2024-01-07 19:05:00,41627.26,41878.08,40908.24,41677.17,34421715,1433740721345
2024-01-07 19:10:00,42905.85,43058.82,42636.42,42667.59,20807072,890266349378
2024-01-07 19:15:00,43431.92,44145.53,43259.41,43391.48,15549573,675033405843
2024-01-07 19:20:00,43868.51,44315.78,43647.25,44029.57,11153722,490195362768
2024-01-07 19:25:00,45222.35,45984.0,44212.18,44798.9,10409358,468531678409
2024-01-07 19:30:00,45678.91,45691.66,45382.63,45667.65,21604843,986763975113
2024-01-07 19:35:00,46778.62,47293.38,46325.38,46599.48,19587875,914539295980
2024-01-07 19:40:00,47371.75,48036.3,47159.84,47516.25,11819199,560750115585
2024-01-07 19:45:00,48358.4,48407.11,48093.01,48270.77,17352753,838391055283
2024-01-07 19:50:00,49000.93,49334.58,48521.59,48924.83,14766570,723013793886
2024-01-07 19:55:00,49137.34,50091.71,48987.95,49606.03,9496181,468842454561
2024-01-07 20:00:00,50785.79,50923.1,50116.34,50279.16,10876955,549639490158
2024-01-07 20:05:00,51838.39,52083.99,51039.24,51506.01,11698165,604469905581
2024-01-07 20:10:00,52430.92,52945.33,51760.9,52535.26,9100418,477618066378
2024-01-07 20:15:00,51804.26,52091.67,51537.08,52091.36,11301693,587098182937
2024-01-07 20:20:00,53251.19,53543.37,52880.35,53158.81,11621971,618346941611
2024-01-07 20:25:00,54071.79,55003.44,53827.58,54048.36,17553808,948960257772
2024-01-07 20:30:00,54956.61,55153.13,54823.98,54859.05,18611297,1021905964927
2024-01-07 20:35:00,55570.59,55854.48,55374.87,55517.41,6322476,351175604207
2024-01-07 20:40:00,57011.62,57765.69,56418.26,56867.68,16556433,942717524623
2024-01-07 20:45:00,58589.5,58881.55,57832.09,58168.56,21235211,1239690955959
2024-01-07 20:50:00,58852.6,58965.53,58645.76,58685.9,12151309,714123336704
2024-01-07 20:55:00,59455.7,60001.92,58639.63,59769.38,17825187,1062604680183
2024-01-07 21:00:00,60615.32,61099.48,59757.74,60205.15,7328668,442726539969
2024-01-07 21:05:00,60942.34,61733.74,60202.71,60446.49,6677282,405273725607
2024-01-07 21:10:00,62017.7,63005.7,61019.86,61055.45,10962744,674609675405
2024-01-07 21:15:00,62059.02,62605.77,61121.04,62409.6,23536429,1464773409217
2024-01-07 21:20:00,63917.64,64730.88,63718.47,63840.11,13514920,863317918954
2024-01-07 21:25:00,64396.48,65370.22,63963.34,65073.93,20736826,1342402663480
2024-01-07 21:30:00,66627.96,67052.84,66326.91,66444.19,11862852,789307613310
2024-01-07 21:35:00,67544.36,67752.19,67354.11,67730.01,21715932,1468804571294
2024-01-07 21:40:00,69062.12,69302.42,68226.54,68404.26,11647483,800568679556
2024-01-07 21:45:00,69411.15,69900.66,69088.77,69681.03,13726653,954635035911
2024-01-07 21:50:00,70589.91,71497.46,69907.03,71191.18,17502981,1240795870458
2024-01-07 21:55:00,72535.91,72885.45,72521.82,72707.24,12002015,871605224295
2024-01-07 22:00:00,73778.2,75109.31,72810.84,74514.21,13373427,991588817308
2024-01-07 22:05:00,76358.72,76675.64,75520.42,76073.03,9419296,717899913658
2024-01-07 22:10:00,76643.43,77978.06,76209.67,77443.06,8550398,658750431600
2024-01-07 22:15:00,79303.64,79412.43,77890.56,79292.36,14240374,1129233215362
2024-01-07 22:20:00,79640.58,81218.75,79432.25,80476.66,15675461,1254955824889
2024-01-07 22:25:00,80991.73,81911.71,80450.62,81121.65,9962099,807494745184
2024-01-07 22:30:00,82919.16,83229.58,81155.85,82243.38,7150587,590504560522
2024-01-07 22:35:00,83143.07,83921.48,81613.88,82993.41,12899236,1071516860169
